Count,ADUser,ADPassword,TargetVM,FrameEmail,FrameToken
1,Loginvsi1,Password!,FRAME-7756D9EF,testframe001@fra.me,eyJhbGciOiJFUzI1NiIsInR5cCI6IkpXVCJ9.eyJlbSI6ImRybXBlcmYtdnNpLXRlc3RmcmFtZTAwMUBmcmEubWUiLCJhdWQiOiJodHRwczovL2ZyYW1lLm51dGFuaXguY29tIiwiYXAiOiJmcmFtZS1wYXNzd29yZCIsImlzcyI6ImltZy1rZHMucHViIiwibG4iOiJUZXN0IiwianRpIjoxNTg1NjAxMywiZXhwIjoxODc3OTM2OTAxLCJuYmYiOjE1NjI1NzY5MDEsImZuIjoiRnJhbWUiLCJzdWIiOiI0MmMzZGZiZC0yNGVhLTQ2ODUtOGQ0Yi00ZDQ1OTdmNzM1MmQifQ.xh81H2CfyplHgGOPjz2HGMAs5Z6RhEfFcdMNQWFHymxX7E0k1jpgzXMCiwCMTQrsCDemN5irP5AacJrsMNYmIQ
2,Loginvsi2,Password!,FRAME-951B9467,testframe002@fra.me,eyJhbGciOiJFUzI1NiIsInR5cCI6IkpXVCJ9.eyJlbSI6ImRybXBlcmYtdnNpLXRlc3RmcmFtZTAwMkBmcmEubWUiLCJhdWQiOiJodHRwczovL2ZyYW1lLm51dGFuaXguY29tIiwiYXAiOiJmcmFtZS1wYXNzd29yZCIsImlzcyI6ImltZy1rZHMucHViIiwibG4iOiJUZXN0IiwianRpIjoxNTg1NjAxNCwiZXhwIjoxODc3OTM2OTAzLCJuYmYiOjE1NjI1NzY5MDMsImZuIjoiRnJhbWUiLCJzdWIiOiIxYzEwODVjNC0wMzkxLTQyOWQtYjcwYy05NTVkOGYxZGNhNTEifQ.wjvAtcyrfserGyxT1fCGuJPV3c8SA6xe5UYth8xJMkmSG5iH6YRo0PZLoLA8BGGcJ3TK9-sTh3GGmMzuit-l2Q
3,Loginvsi3,Password!,FRAME-0608191E,testframe003@fra.me,eyJhbGciOiJFUzI1NiIsInR5cCI6IkpXVCJ9.eyJlbSI6ImRybXBlcmYtdnNpLXRlc3RmcmFtZTAwM0BmcmEubWUiLCJhdWQiOiJodHRwczovL2ZyYW1lLm51dGFuaXguY29tIiwiYXAiOiJmcmFtZS1wYXNzd29yZCIsImlzcyI6ImltZy1rZHMucHViIiwibG4iOiJUZXN0IiwianRpIjoxNTg1NjAxNSwiZXhwIjoxODc3OTM2OTA0LCJuYmYiOjE1NjI1NzY5MDQsImZuIjoiRnJhbWUiLCJzdWIiOiI4ZTI2ZGRmYS1kMzllLTQwYjAtOTI5Yi1hNDQwNGYxZmM2N2UifQ.sjFDvs58OCSXM6Y6RWewJybBvBMQdxtCwF6TXI_Lwrv5p6doAFTVZOSc5k9R8q48_9QBovtA-ctkWjxN3DyDcg
4,Loginvsi4,Password!,FRAME-4487045A,testframe004@fra.me,eyJhbGciOiJFUzI1NiIsInR5cCI6IkpXVCJ9.eyJlbSI6ImRybXBlcmYtdnNpLXRlc3RmcmFtZTAwNEBmcmEubWUiLCJhdWQiOiJodHRwczovL2ZyYW1lLm51dGFuaXguY29tIiwiYXAiOiJmcmFtZS1wYXNzd29yZCIsImlzcyI6ImltZy1rZHMucHViIiwibG4iOiJUZXN0IiwianRpIjoxNTg1NjAxNiwiZXhwIjoxODc3OTM2OTA2LCJuYmYiOjE1NjI1NzY5MDYsImZuIjoiRnJhbWUiLCJzdWIiOiIzNjA2NDVkNC05NGMxLTQ4ZjAtYTA2Ni1iNjI5NTc3ZmZiZjAifQ.pzlfNLuyxkfhwMghUHvrV11XP6AqvHpPVsfRAt3KekO9jdM0WRcbrkqem9XNQMk_xnhvx2mZl9Z_Ac6ZOsX0ow
5,Loginvsi5,Password!,FRAME-81582607,testframe005@fra.me,eyJhbGciOiJFUzI1NiIsInR5cCI6IkpXVCJ9.eyJlbSI6ImRybXBlcmYtdnNpLXRlc3RmcmFtZTAwNUBmcmEubWUiLCJhdWQiOiJodHRwczovL2ZyYW1lLm51dGFuaXguY29tIiwiYXAiOiJmcmFtZS1wYXNzd29yZCIsImlzcyI6ImltZy1rZHMucHViIiwibG4iOiJUZXN0IiwianRpIjoxNTg1NjAxNywiZXhwIjoxODc3OTM2OTA3LCJuYmYiOjE1NjI1NzY5MDcsImZuIjoiRnJhbWUiLCJzdWIiOiJmZTkxMTU1Ni04NTEyLTRhYjMtYmQ1Mi1iMDM4ZWYwMWUxNjkifQ.2Re5zK1bfqvu5FpJXXuocOIgc86SKA6WfuQ9tjVCdp2zNKIRvCUUoe_1TvPuI8N6LvfFevW2d7gOcNNe2VSF3A
6,Loginvsi6,Password!,FRAME-E03BC2DB,testframe006@fra.me,eyJhbGciOiJFUzI1NiIsInR5cCI6IkpXVCJ9.eyJlbSI6ImRybXBlcmYtdnNpLXRlc3RmcmFtZTAwNkBmcmEubWUiLCJhdWQiOiJodHRwczovL2ZyYW1lLm51dGFuaXguY29tIiwiYXAiOiJmcmFtZS1wYXNzd29yZCIsImlzcyI6ImltZy1rZHMucHViIiwibG4iOiJUZXN0IiwianRpIjoxNTg1NjAxOCwiZXhwIjoxODc3OTM2OTA5LCJuYmYiOjE1NjI1NzY5MDksImZuIjoiRnJhbWUiLCJzdWIiOiIxYzQ2ZWNlNi03M2FhLTRiZDItYWMzZC1iZGI4ODNjNGYzNWUifQ.lRMpS3xKCyCR3pfoKm3TgvghnFXtcm-XqyMez1J2L5itfGWN4851-juPiEXXDOLV18POEQW9wPBspfUUZ1kzuA
7,Loginvsi7,Password!,FRAME-F63F799F,testframe007@fra.me,eyJhbGciOiJFUzI1NiIsInR5cCI6IkpXVCJ9.eyJlbSI6ImRybXBlcmYtdnNpLXRlc3RmcmFtZTAwN0BmcmEubWUiLCJhdWQiOiJodHRwczovL2ZyYW1lLm51dGFuaXguY29tIiwiYXAiOiJmcmFtZS1wYXNzd29yZCIsImlzcyI6ImltZy1rZHMucHViIiwibG4iOiJUZXN0IiwianRpIjoxNTg1NjAxOSwiZXhwIjoxODc3OTM2OTEwLCJuYmYiOjE1NjI1NzY5MTAsImZuIjoiRnJhbWUiLCJzdWIiOiIwMzllMmU5Ni0wMzA1LTQzMDctOTY0Yi1hZmVmZTRlN2IzN2EifQ.Vmp0XE1u7fP02anL5XJgCLUGAxk1vYoXqFTd56wcQnwJTCdZnjDnlKuW_QB2GJfPHdByzX8IRwUR0aO6evQjsw
8,Loginvsi8,Password!,FRAME-07D6CC59,testframe008@fra.me,eyJhbGciOiJFUzI1NiIsInR5cCI6IkpXVCJ9.eyJlbSI6ImRybXBlcmYtdnNpLXRlc3RmcmFtZTAwOEBmcmEubWUiLCJhdWQiOiJodHRwczovL2ZyYW1lLm51dGFuaXguY29tIiwiYXAiOiJmcmFtZS1wYXNzd29yZCIsImlzcyI6ImltZy1rZHMucHViIiwibG4iOiJUZXN0IiwianRpIjoxNTg1NjAyMCwiZXhwIjoxODc3OTM2OTEyLCJuYmYiOjE1NjI1NzY5MTIsImZuIjoiRnJhbWUiLCJzdWIiOiJiNmQ1NDIxYi05NmJjLTRhZjYtYWU2OC1mZGU1MmI3YTE5ZjEifQ.eenKiOJNSLSqLgOiV599UDtjiRI3GrQ-wvgOJORdbsgBVs8AKRfzB9eNqTEjzVNcNmK4hfavjwrekC3Mhn3w6g
9,Loginvsi9,Password!,FRAME-3FE2069B,testframe009@fra.me,eyJhbGciOiJFUzI1NiIsInR5cCI6IkpXVCJ9.eyJlbSI6ImRybXBlcmYtdnNpLXRlc3RmcmFtZTAwOUBmcmEubWUiLCJhdWQiOiJodHRwczovL2ZyYW1lLm51dGFuaXguY29tIiwiYXAiOiJmcmFtZS1wYXNzd29yZCIsImlzcyI6ImltZy1rZHMucHViIiwibG4iOiJUZXN0IiwianRpIjoxNTg1NjAyMSwiZXhwIjoxODc3OTM2OTEzLCJuYmYiOjE1NjI1NzY5MTMsImZuIjoiRnJhbWUiLCJzdWIiOiIwZDBiMWZiZS1jZjcwLTRhNzQtYWFjMC0yOGI5NjZmNTE2YTgifQ.TiYW2b5gvGBjJ6iCbta58QEdfpjyMYjFelf7VTTZDJUR6QbE2jIk15HTL7_M5b4or4ZYeBAAnrkyXIyik48rNA
10,Loginvsi10,Password!,FRAME-7D2BB12E,testframe010@fra.me,eyJhbGciOiJFUzI1NiIsInR5cCI6IkpXVCJ9.eyJlbSI6ImRybXBlcmYtdnNpLXRlc3RmcmFtZTAxMEBmcmEubWUiLCJhdWQiOiJodHRwczovL2ZyYW1lLm51dGFuaXguY29tIiwiYXAiOiJmcmFtZS1wYXNzd29yZCIsImlzcyI6ImltZy1rZHMucHViIiwibG4iOiJUZXN0IiwianRpIjoxNTg1NjAyMiwiZXhwIjoxODc3OTM2OTE1LCJuYmYiOjE1NjI1NzY5MTUsImZuIjoiRnJhbWUiLCJzdWIiOiJlY2YzMjA1MS1hNjFkLTRhYzUtYTQ5YS0yNjk3OWNjNWUzN2YifQ.GrAYPScdA0fbZPG2okKvqL-QauWjyZlxqac-Haz1fmUe_1V5IEdawjv_PH24vDrwVPBXHWh6Y1HWAxENcijN5w
11,Loginvsi11,Password!,FRAME-1E167B16,testframe011@fra.me,eyJhbGciOiJFUzI1NiIsInR5cCI6IkpXVCJ9.eyJlbSI6ImRybXBlcmYtdnNpLXRlc3RmcmFtZTAxMUBmcmEubWUiLCJhdWQiOiJodHRwczovL2ZyYW1lLm51dGFuaXguY29tIiwiYXAiOiJmcmFtZS1wYXNzd29yZCIsImlzcyI6ImltZy1rZHMucHViIiwibG4iOiJUZXN0IiwianRpIjoxNTg1NjAyMywiZXhwIjoxODc3OTM2OTE2LCJuYmYiOjE1NjI1NzY5MTYsImZuIjoiRnJhbWUiLCJzdWIiOiJlNmVkMGFjMS02Zjg3LTRmOTEtYWI3My04OTdlYjVjNjkwZDcifQ._3QvKxJbn7JmoBFGAlQl88mWtFO9c2hMoWPIQUcitQPFfdhE52fBnnxGU5t1eGynnThRDvhRHqEH8a0hI37Aiw
12,Loginvsi12,Password!,FRAME-3D754696,testframe012@fra.me,eyJhbGciOiJFUzI1NiIsInR5cCI6IkpXVCJ9.eyJlbSI6ImRybXBlcmYtdnNpLXRlc3RmcmFtZTAxMkBmcmEubWUiLCJhdWQiOiJodHRwczovL2ZyYW1lLm51dGFuaXguY29tIiwiYXAiOiJmcmFtZS1wYXNzd29yZCIsImlzcyI6ImltZy1rZHMucHViIiwibG4iOiJUZXN0IiwianRpIjoxNTg1NjAyNCwiZXhwIjoxODc3OTM2OTE4LCJuYmYiOjE1NjI1NzY5MTgsImZuIjoiRnJhbWUiLCJzdWIiOiIzM2UwMGJkMy03N2RmLTQ1NDUtYWVmYy0xMWY3MWViYjMzZmQifQ.3J3B88bkIUYLyfALX5V25yAq-ksQb-BBcp9Hc3ftaRZmQFv3TqNB8hNPbp-mWu31wjHTO5gGCe4nEE3e9bZVzQ
13,Loginvsi13,Password!,FRAME-4961FA59,testframe013@fra.me,eyJhbGciOiJFUzI1NiIsInR5cCI6IkpXVCJ9.eyJlbSI6ImRybXBlcmYtdnNpLXRlc3RmcmFtZTAxM0BmcmEubWUiLCJhdWQiOiJodHRwczovL2ZyYW1lLm51dGFuaXguY29tIiwiYXAiOiJmcmFtZS1wYXNzd29yZCIsImlzcyI6ImltZy1rZHMucHViIiwibG4iOiJUZXN0IiwianRpIjoxNTg1NjAyNSwiZXhwIjoxODc3OTM2OTE5LCJuYmYiOjE1NjI1NzY5MTksImZuIjoiRnJhbWUiLCJzdWIiOiI0OGZjODAyMC0zYTk2LTRiMjctOGEwYi0wYTFmZWFlMzRhNWQifQ.IUEFwXYu2UdGyOhDbQoOkjftV01CplWUu3dJ6lSR9xTSPDDcpxjMu7PxAtUzxK5YRFocusLy0om4eHgZVYs_VQ
14,Loginvsi14,Password!,FRAME-FE4C25A0,testframe014@fra.me,eyJhbGciOiJFUzI1NiIsInR5cCI6IkpXVCJ9.eyJlbSI6ImRybXBlcmYtdnNpLXRlc3RmcmFtZTAxNEBmcmEubWUiLCJhdWQiOiJodHRwczovL2ZyYW1lLm51dGFuaXguY29tIiwiYXAiOiJmcmFtZS1wYXNzd29yZCIsImlzcyI6ImltZy1rZHMucHViIiwibG4iOiJUZXN0IiwianRpIjoxNTg1NjAyNiwiZXhwIjoxODc3OTM2OTIxLCJuYmYiOjE1NjI1NzY5MjEsImZuIjoiRnJhbWUiLCJzdWIiOiI5YzBmOWRkNi02OTVjLTQyNmQtOWUzMC03ODY1ODRhYzVkNjUifQ.8u7cE073zWc4NAj__YtYtGm86mrDWdddNGgiFZzZ7dV5AvbI-Vts6auTsO4d4pcV0LIClZzJGyiW0oCuwOyRuw
15,Loginvsi15,Password!,IF-8DD891B4,testframe015@fra.me,eyJhbGciOiJFUzI1NiIsInR5cCI6IkpXVCJ9.eyJlbSI6ImRybXBlcmYtdnNpLXRlc3RmcmFtZTAxNUBmcmEubWUiLCJhdWQiOiJodHRwczovL2ZyYW1lLm51dGFuaXguY29tIiwiYXAiOiJmcmFtZS1wYXNzd29yZCIsImlzcyI6ImltZy1rZHMucHViIiwibG4iOiJUZXN0IiwianRpIjoxNTg1NjAyOCwiZXhwIjoxODc3OTM2OTIzLCJuYmYiOjE1NjI1NzY5MjMsImZuIjoiRnJhbWUiLCJzdWIiOiIzZGU4ZWNhMS01YTg0LTQwYTctYWE4NC02OTI4Yzk3YWFhZjUifQ.Fw90cnNdtCYTIWDEiB_6K_x8sB4wNHj4fIp4le_leih6qbIXAs3YpEdm6ef2ykZCHC7jBI7ADU_bnxSShiIUDw
16,Loginvsi16,Password!,FRAME-A57DF1AE,testframe016@fra.me,eyJhbGciOiJFUzI1NiIsInR5cCI6IkpXVCJ9.eyJlbSI6ImRybXBlcmYtdnNpLXRlc3RmcmFtZTAxNkBmcmEubWUiLCJhdWQiOiJodHRwczovL2ZyYW1lLm51dGFuaXguY29tIiwiYXAiOiJmcmFtZS1wYXNzd29yZCIsImlzcyI6ImltZy1rZHMucHViIiwibG4iOiJUZXN0IiwianRpIjoxNTg1NjAyOSwiZXhwIjoxODc3OTM2OTI0LCJuYmYiOjE1NjI1NzY5MjQsImZuIjoiRnJhbWUiLCJzdWIiOiJhMGU5OTlhOC1kNDMyLTQ0NjYtOWIwMy02YzVkY2JlMmIzZjEifQ.9B_KpgzXyi25bpj0LNfkNlMFUXSS8JAjw6AlergSHpy6lXqyojC1iXmJFKLFGVUE6Z4YOehsgF8Sx4YEXshB5w
17,Loginvsi17,Password!,FRAME-4982CB6E,testframe017@fra.me,eyJhbGciOiJFUzI1NiIsInR5cCI6IkpXVCJ9.eyJlbSI6ImRybXBlcmYtdnNpLXRlc3RmcmFtZTAxN0BmcmEubWUiLCJhdWQiOiJodHRwczovL2ZyYW1lLm51dGFuaXguY29tIiwiYXAiOiJmcmFtZS1wYXNzd29yZCIsImlzcyI6ImltZy1rZHMucHViIiwibG4iOiJUZXN0IiwianRpIjoxNTg1NjAzMCwiZXhwIjoxODc3OTM2OTI2LCJuYmYiOjE1NjI1NzY5MjYsImZuIjoiRnJhbWUiLCJzdWIiOiJmNzAzNTgyMy1kZGRlLTRlMmItYjM1NS05NTZhN2VkMzQ2NmIifQ.6Z500D6zVpKNc8Rh9D1YTYkmkHKcOL5XJg5iMknWmQ20cJRgKD6YoveZqSF-w7GaMimSCVB_kBv3W_SFK9GIvQ
18,Loginvsi18,Password!,IF-8DCD458E,testframe018@fra.me,eyJhbGciOiJFUzI1NiIsInR5cCI6IkpXVCJ9.eyJlbSI6ImRybXBlcmYtdnNpLXRlc3RmcmFtZTAxOEBmcmEubWUiLCJhdWQiOiJodHRwczovL2ZyYW1lLm51dGFuaXguY29tIiwiYXAiOiJmcmFtZS1wYXNzd29yZCIsImlzcyI6ImltZy1rZHMucHViIiwibG4iOiJUZXN0IiwianRpIjoxNTg1NjAzMSwiZXhwIjoxODc3OTM2OTI3LCJuYmYiOjE1NjI1NzY5MjcsImZuIjoiRnJhbWUiLCJzdWIiOiIwYWI4ZWVkNi1lNDY4LTQ0Y2MtOGI1Mi05OGY2ZjJkZTMxNDgifQ.wJpuYkjoZH4YxutqlInR3jpiLvT349Er8_WCISVyhmix5DoreqmG_xFqNtPlIhfsLqsPsz4wzC5MU6bZE_G3Gw
19,Loginvsi19,Password!,IF-8DD5ACDD,testframe019@fra.me,eyJhbGciOiJFUzI1NiIsInR5cCI6IkpXVCJ9.eyJlbSI6ImRybXBlcmYtdnNpLXRlc3RmcmFtZTAxOUBmcmEubWUiLCJhdWQiOiJodHRwczovL2ZyYW1lLm51dGFuaXguY29tIiwiYXAiOiJmcmFtZS1wYXNzd29yZCIsImlzcyI6ImltZy1rZHMucHViIiwibG4iOiJUZXN0IiwianRpIjoxNTg1NjAzMiwiZXhwIjoxODc3OTM2OTI5LCJuYmYiOjE1NjI1NzY5MjksImZuIjoiRnJhbWUiLCJzdWIiOiJjZGRmMjI2My00OTg4LTQ3NGUtODg4YS1iMGJmMWJjZDJkZWQifQ.gSec3m3w7mflajObS8nywHJKcraDuKZLVf2fLdUzRcd6_j6gyVnKNjWchGPS9qMMcsSbQwuF5XIAIhP3jq21ZA
20,Loginvsi20,Password!,IF-8DC929DB,testframe020@fra.me,eyJhbGciOiJFUzI1NiIsInR5cCI6IkpXVCJ9.eyJlbSI6ImRybXBlcmYtdnNpLXRlc3RmcmFtZTAyMEBmcmEubWUiLCJhdWQiOiJodHRwczovL2ZyYW1lLm51dGFuaXguY29tIiwiYXAiOiJmcmFtZS1wYXNzd29yZCIsImlzcyI6ImltZy1rZHMucHViIiwibG4iOiJUZXN0IiwianRpIjoxNTg1NjAzMywiZXhwIjoxODc3OTM2OTMwLCJuYmYiOjE1NjI1NzY5MzAsImZuIjoiRnJhbWUiLCJzdWIiOiJlM2E0YzU5Ni1mNjFiLTQzYTUtOWNhMC1jYjlhZGM3NjE4ZDcifQ.OTUDro8KTDWpVPe8DnRCEVQ7h7Vom7Jyky9ZCM8gtlJ4zIudr18maEyCMKKpGN8eNBN1C7PvfX1RASVveWD5ag
21,Loginvsi21,Password!,FRAME-11F4BDA5,testframe021@fra.me,eyJhbGciOiJFUzI1NiIsInR5cCI6IkpXVCJ9.eyJlbSI6ImRybXBlcmYtdnNpLXRlc3RmcmFtZTAyMUBmcmEubWUiLCJhdWQiOiJodHRwczovL2ZyYW1lLm51dGFuaXguY29tIiwiYXAiOiJmcmFtZS1wYXNzd29yZCIsImlzcyI6ImltZy1rZHMucHViIiwibG4iOiJUZXN0IiwianRpIjoxNTg1NjAzNCwiZXhwIjoxODc3OTM2OTMyLCJuYmYiOjE1NjI1NzY5MzIsImZuIjoiRnJhbWUiLCJzdWIiOiJjZmE2YzViYS1jZTNlLTQyNDItYTM2MS00MzgyZDFjNzU2Y2EifQ.PJdV_ydZdoD5_hTTIsUhjEvYC1pa8OxcLd-h_zvkj85NGPNaqXdeSL0rDeY0nZGwEPYyF2qQUEEwb10ipj4PbQ
22,Loginvsi22,Password!,FRAME-53BD5853,testframe022@fra.me,eyJhbGciOiJFUzI1NiIsInR5cCI6IkpXVCJ9.eyJlbSI6ImRybXBlcmYtdnNpLXRlc3RmcmFtZTAyMkBmcmEubWUiLCJhdWQiOiJodHRwczovL2ZyYW1lLm51dGFuaXguY29tIiwiYXAiOiJmcmFtZS1wYXNzd29yZCIsImlzcyI6ImltZy1rZHMucHViIiwibG4iOiJUZXN0IiwianRpIjoxNTg1NjAzNSwiZXhwIjoxODc3OTM2OTMzLCJuYmYiOjE1NjI1NzY5MzMsImZuIjoiRnJhbWUiLCJzdWIiOiI0MzBkM2JiNS1kM2UzLTQwNjEtODRiNS05NTQwY2JmN2UxOTIifQ.jGbEVDFCrswst0Kl-CBi0H8Ixn4ofOjyaQMXdg5Z4s-wZRCI7_S9uq9o8NsyBH2Oi0FWf__UtybagE0cqVTdkQ
23,Loginvsi23,Password!,FRAME-085ACA8C,testframe023@fra.me,eyJhbGciOiJFUzI1NiIsInR5cCI6IkpXVCJ9.eyJlbSI6ImRybXBlcmYtdnNpLXRlc3RmcmFtZTAyM0BmcmEubWUiLCJhdWQiOiJodHRwczovL2ZyYW1lLm51dGFuaXguY29tIiwiYXAiOiJmcmFtZS1wYXNzd29yZCIsImlzcyI6ImltZy1rZHMucHViIiwibG4iOiJUZXN0IiwianRpIjoxNTg1NjAzNiwiZXhwIjoxODc3OTM2OTM1LCJuYmYiOjE1NjI1NzY5MzUsImZuIjoiRnJhbWUiLCJzdWIiOiI5ZDVlNDM5NS03Yjk0LTRjMWUtOTRhZS0xZDcwMDYzNWZiNmUifQ.vr1spiuKgYq5L9N4e22wArWCMrOr5QpNMJr8PQSWxUe0f4vRbe9Ln4ykizY8lAosWbu-wlCn8S8vYfYrDr4dMA
24,Loginvsi24,Password!,FRAME-872E0D5F,testframe024@fra.me,eyJhbGciOiJFUzI1NiIsInR5cCI6IkpXVCJ9.eyJlbSI6ImRybXBlcmYtdnNpLXRlc3RmcmFtZTAyNEBmcmEubWUiLCJhdWQiOiJodHRwczovL2ZyYW1lLm51dGFuaXguY29tIiwiYXAiOiJmcmFtZS1wYXNzd29yZCIsImlzcyI6ImltZy1rZHMucHViIiwibG4iOiJUZXN0IiwianRpIjoxNTg1NjAzNywiZXhwIjoxODc3OTM2OTM2LCJuYmYiOjE1NjI1NzY5MzYsImZuIjoiRnJhbWUiLCJzdWIiOiI0ODZiMmJhMS00NmViLTQ2OGQtOTEwOS1lMzY4ZjA0ODE2NzcifQ.LjbA6d2O--8Ftc2R5JlBSZE8Pfy84q6hvcmnICkzKGob_kBR8yQhNuaLUWlByY15rqVg13wuIRxDWr68qUhZVA
25,Loginvsi25,Password!,FRAME-D49B2BA0,testframe025@fra.me,eyJhbGciOiJFUzI1NiIsInR5cCI6IkpXVCJ9.eyJlbSI6ImRybXBlcmYtdnNpLXRlc3RmcmFtZTAyNUBmcmEubWUiLCJhdWQiOiJodHRwczovL2ZyYW1lLm51dGFuaXguY29tIiwiYXAiOiJmcmFtZS1wYXNzd29yZCIsImlzcyI6ImltZy1rZHMucHViIiwibG4iOiJUZXN0IiwianRpIjoxNTg1NjAzOCwiZXhwIjoxODc3OTM2OTM4LCJuYmYiOjE1NjI1NzY5MzgsImZuIjoiRnJhbWUiLCJzdWIiOiI0NmQxY2I5ZS1mOWRkLTQ0ODctYjk0Mi0yOGQ4NzA0OWQzNGEifQ.f-Z7A2xWeOF84yztrB0TU9_ra_DNaL3voHKAtOd3tiKILo_SNY1clO7UWkOd4bHJbsSlmeq8FBvRznZ0DFBQWA
26,Loginvsi26,Password!,FRAME-6D5DE5CB,testframe026@fra.me,eyJhbGciOiJFUzI1NiIsInR5cCI6IkpXVCJ9.eyJlbSI6ImRybXBlcmYtdnNpLXRlc3RmcmFtZTAyNkBmcmEubWUiLCJhdWQiOiJodHRwczovL2ZyYW1lLm51dGFuaXguY29tIiwiYXAiOiJmcmFtZS1wYXNzd29yZCIsImlzcyI6ImltZy1rZHMucHViIiwibG4iOiJUZXN0IiwianRpIjoxNTg1NjAzOSwiZXhwIjoxODc3OTM2OTM5LCJuYmYiOjE1NjI1NzY5MzksImZuIjoiRnJhbWUiLCJzdWIiOiJhOWJlMWI2MS0xYjY0LTQ5MWMtYTVjYS01ODE0OTllOGZiZWYifQ.66SkqIDK3uX0xxRa4yxNwhHiDInQvZTUUIe-cWVPYhS1E49Gr_e900vWRBq599FZXrvQ0xuR5kSpNk-agTL12Q
27,Loginvsi27,Password!,FRAME-F6570F81,testframe027@fra.me,eyJhbGciOiJFUzI1NiIsInR5cCI6IkpXVCJ9.eyJlbSI6ImRybXBlcmYtdnNpLXRlc3RmcmFtZTAyN0BmcmEubWUiLCJhdWQiOiJodHRwczovL2ZyYW1lLm51dGFuaXguY29tIiwiYXAiOiJmcmFtZS1wYXNzd29yZCIsImlzcyI6ImltZy1rZHMucHViIiwibG4iOiJUZXN0IiwianRpIjoxNTg1NjA0MCwiZXhwIjoxODc3OTM2OTQxLCJuYmYiOjE1NjI1NzY5NDEsImZuIjoiRnJhbWUiLCJzdWIiOiJhM2UxOWIxYi1iYzgwLTQ0MzQtODI1My1kODIwMDkyYThkMDUifQ.N6rvjdE5js2MskDdNyDAwrWbDo22DCqDk8-mZXiAY2oKXmFblRHsJvRdxcRCUYP0viV2yqGqXlPjlMoBPAY-3A
28,Loginvsi28,Password!,FRAME-1716B3E3,testframe028@fra.me,eyJhbGciOiJFUzI1NiIsInR5cCI6IkpXVCJ9.eyJlbSI6ImRybXBlcmYtdnNpLXRlc3RmcmFtZTAyOEBmcmEubWUiLCJhdWQiOiJodHRwczovL2ZyYW1lLm51dGFuaXguY29tIiwiYXAiOiJmcmFtZS1wYXNzd29yZCIsImlzcyI6ImltZy1rZHMucHViIiwibG4iOiJUZXN0IiwianRpIjoxNTg1NjA0MSwiZXhwIjoxODc3OTM2OTQyLCJuYmYiOjE1NjI1NzY5NDIsImZuIjoiRnJhbWUiLCJzdWIiOiJhN2UzYmNjNy0yODg3LTQ1YjktYmUzYi1iY2Q0ZWIxZGIzY2YifQ.11ubZWKc0OM0W-cA-wMhSTYQpOze7EptnA1trm45d1-HWyJofe1KceNT04v7-3_f7guqFdSTqgE30G8T8DsUuw
29,Loginvsi29,Password!,IF-8DE00015,testframe029@fra.me,eyJhbGciOiJFUzI1NiIsInR5cCI6IkpXVCJ9.eyJlbSI6ImRybXBlcmYtdnNpLXRlc3RmcmFtZTAyOUBmcmEubWUiLCJhdWQiOiJodHRwczovL2ZyYW1lLm51dGFuaXguY29tIiwiYXAiOiJmcmFtZS1wYXNzd29yZCIsImlzcyI6ImltZy1rZHMucHViIiwibG4iOiJUZXN0IiwianRpIjoxNTg1NjA0MiwiZXhwIjoxODc3OTM2OTQ0LCJuYmYiOjE1NjI1NzY5NDQsImZuIjoiRnJhbWUiLCJzdWIiOiI5ODI2M2NmNi1lM2IzLTQwM2ItYjQ2ZC0zNWRiNDdkMWUyMTgifQ.Dr0Yzeeb7aJ-ITIZ6bHRd-jnnU-yEnqpUJXIfkKEv_ZToQg2tiQPCorKslxFzt1XUPeGH2-TeMbc7taCqNj0og
30,Loginvsi30,Password!,FRAME-6B0ABA0F,testframe030@fra.me,eyJhbGciOiJFUzI1NiIsInR5cCI6IkpXVCJ9.eyJlbSI6ImRybXBlcmYtdnNpLXRlc3RmcmFtZTAzMEBmcmEubWUiLCJhdWQiOiJodHRwczovL2ZyYW1lLm51dGFuaXguY29tIiwiYXAiOiJmcmFtZS1wYXNzd29yZCIsImlzcyI6ImltZy1rZHMucHViIiwibG4iOiJUZXN0IiwianRpIjoxNTg1NjA0MywiZXhwIjoxODc3OTM2OTQ1LCJuYmYiOjE1NjI1NzY5NDUsImZuIjoiRnJhbWUiLCJzdWIiOiJlOWVkNjI4Ny02MzFjLTQ4NTItODYxYS05ZmE3OWFkMzFjYjIifQ.G6N3j23ieK0EnIBS_XQUkK0cepLXrMO-7Yh0VGA_MAEybq5-4uExj50QJK0B8U96OhIo2Eh4dhLIsJUpJznCvw
31,Loginvsi31,Password!,FRAME-2D11DEEA,testframe031@fra.me,eyJhbGciOiJFUzI1NiIsInR5cCI6IkpXVCJ9.eyJlbSI6ImRybXBlcmYtdnNpLXRlc3RmcmFtZTAzMUBmcmEubWUiLCJhdWQiOiJodHRwczovL2ZyYW1lLm51dGFuaXguY29tIiwiYXAiOiJmcmFtZS1wYXNzd29yZCIsImlzcyI6ImltZy1rZHMucHViIiwibG4iOiJUZXN0IiwianRpIjoxNTg1NjA0NCwiZXhwIjoxODc3OTM2OTQ3LCJuYmYiOjE1NjI1NzY5NDcsImZuIjoiRnJhbWUiLCJzdWIiOiJkOGRjM2VjMy03NzgxLTQxZDctOWE1ZC1iMDQ0ZjA4YTFiNmUifQ.eNr__4Esx6jccj2X9rXyfu2XKqxJKFnP7oGgJuiVbpXGJlDnT8br9gnypXYD58Z-Oyf3z_62PFtmMn6BvyOz7A
32,Loginvsi32,Password!,FRAME-6F991C1A,testframe032@fra.me,eyJhbGciOiJFUzI1NiIsInR5cCI6IkpXVCJ9.eyJlbSI6ImRybXBlcmYtdnNpLXRlc3RmcmFtZTAzMkBmcmEubWUiLCJhdWQiOiJodHRwczovL2ZyYW1lLm51dGFuaXguY29tIiwiYXAiOiJmcmFtZS1wYXNzd29yZCIsImlzcyI6ImltZy1rZHMucHViIiwibG4iOiJUZXN0IiwianRpIjoxNTg1NjA0NSwiZXhwIjoxODc3OTM2OTQ4LCJuYmYiOjE1NjI1NzY5NDgsImZuIjoiRnJhbWUiLCJzdWIiOiI3YjhhZmMzMi0zMDNhLTQ5ODMtYmFiZC0yZmFjZmVhZWQzZjkifQ.k1YNh3tcR9ZOp0BGg86btRbf-ZsMbOxjEc2NU6zL3e-7wTjr6bLNvcTwTc3ujK3x5AXfQFR10vNbt6LeSL1N2Q
33,Loginvsi33,Password!,FRAME-AD81037F,testframe033@fra.me,eyJhbGciOiJFUzI1NiIsInR5cCI6IkpXVCJ9.eyJlbSI6ImRybXBlcmYtdnNpLXRlc3RmcmFtZTAzM0BmcmEubWUiLCJhdWQiOiJodHRwczovL2ZyYW1lLm51dGFuaXguY29tIiwiYXAiOiJmcmFtZS1wYXNzd29yZCIsImlzcyI6ImltZy1rZHMucHViIiwibG4iOiJUZXN0IiwianRpIjoxNTg1NjA0NiwiZXhwIjoxODc3OTM2OTUwLCJuYmYiOjE1NjI1NzY5NTAsImZuIjoiRnJhbWUiLCJzdWIiOiI0ZjA3MmVlMy00MDk1LTQxYWUtODM0ZC1iMDE0NmMwNzBlMWUifQ.9gWh-Rb1VkP8I1vgWdnK91iyfp8U-cNmw2YUp8KruA3uZHrTr9Ok7vQbRyRA-VQrNar8KYOdIzK1wM-CTsCQKw
34,Loginvsi34,Password!,IF-8D4FD051,testframe034@fra.me,eyJhbGciOiJFUzI1NiIsInR5cCI6IkpXVCJ9.eyJlbSI6ImRybXBlcmYtdnNpLXRlc3RmcmFtZTAzNEBmcmEubWUiLCJhdWQiOiJodHRwczovL2ZyYW1lLm51dGFuaXguY29tIiwiYXAiOiJmcmFtZS1wYXNzd29yZCIsImlzcyI6ImltZy1rZHMucHViIiwibG4iOiJUZXN0IiwianRpIjoxNTg1NjA0NywiZXhwIjoxODc3OTM2OTUxLCJuYmYiOjE1NjI1NzY5NTEsImZuIjoiRnJhbWUiLCJzdWIiOiI2ZjQ1NjQ5OS1hMjhiLTQyOGMtODkyMS00ZjE2ZDU2ZjY5ZjYifQ.Ni5t8uMg-kpP8TpRl-8FvDLAh1toI2lVSsUZAaocwosO8a7O39w5FJeknT6i11MyI-NukUL0fCmrEZrjexXnbg
35,Loginvsi35,Password!,FRAME-C4119745,testframe035@fra.me,eyJhbGciOiJFUzI1NiIsInR5cCI6IkpXVCJ9.eyJlbSI6ImRybXBlcmYtdnNpLXRlc3RmcmFtZTAzNUBmcmEubWUiLCJhdWQiOiJodHRwczovL2ZyYW1lLm51dGFuaXguY29tIiwiYXAiOiJmcmFtZS1wYXNzd29yZCIsImlzcyI6ImltZy1rZHMucHViIiwibG4iOiJUZXN0IiwianRpIjoxNTg1NjA0OCwiZXhwIjoxODc3OTM2OTUzLCJuYmYiOjE1NjI1NzY5NTMsImZuIjoiRnJhbWUiLCJzdWIiOiI4ZWMzY2YzYi0wODhjLTQwOTUtOTcxOC04MmNjMjc5NGMyNmIifQ.UIatLJXN9Oupb3zQtr2s_Ia122y3IivLjfEGICRr2Bhr_W_c7FwK9kPP8be4F2OZB_veLyfX4wx_wfxx40AISw
36,Loginvsi36,Password!,FRAME-0A2B4839,testframe036@fra.me,eyJhbGciOiJFUzI1NiIsInR5cCI6IkpXVCJ9.eyJlbSI6ImRybXBlcmYtdnNpLXRlc3RmcmFtZTAzNkBmcmEubWUiLCJhdWQiOiJodHRwczovL2ZyYW1lLm51dGFuaXguY29tIiwiYXAiOiJmcmFtZS1wYXNzd29yZCIsImlzcyI6ImltZy1rZHMucHViIiwibG4iOiJUZXN0IiwianRpIjoxNTg1NjA0OSwiZXhwIjoxODc3OTM2OTU1LCJuYmYiOjE1NjI1NzY5NTUsImZuIjoiRnJhbWUiLCJzdWIiOiIwZWJkMmUxYS0xYzg1LTQyYjQtYjMwZC00MzA2Nzk1ZjA5MjIifQ.pyLW2GkcA2Inkz8QUuns8xt8cuVrwZ1x9X7hQuFeX3Qr8tut1zrItaa1ukVpLERvH2axGZxruvIAHbcKrifNHg
37,Loginvsi37,Password!,FRAME-66ADAA04,testframe037@fra.me,eyJhbGciOiJFUzI1NiIsInR5cCI6IkpXVCJ9.eyJlbSI6ImRybXBlcmYtdnNpLXRlc3RmcmFtZTAzN0BmcmEubWUiLCJhdWQiOiJodHRwczovL2ZyYW1lLm51dGFuaXguY29tIiwiYXAiOiJmcmFtZS1wYXNzd29yZCIsImlzcyI6ImltZy1rZHMucHViIiwibG4iOiJUZXN0IiwianRpIjoxNTg1NjA1MCwiZXhwIjoxODc3OTM2OTU2LCJuYmYiOjE1NjI1NzY5NTYsImZuIjoiRnJhbWUiLCJzdWIiOiI0ZjQ0NWM3Yi1hMjkwLTQ2MTQtYjQwYS1mYTNmNzk0YTBlYjIifQ.vg_p08HVvdWh841N2adK6n4z-vbgnhWA-g5HJkSnRGexLUbDW4uXlQaN0Yhc20VTz9ieeIvh5vwPHzhYCNqfgQ
38,Loginvsi38,Password!,IF-8D6B1713,testframe038@fra.me,eyJhbGciOiJFUzI1NiIsInR5cCI6IkpXVCJ9.eyJlbSI6ImRybXBlcmYtdnNpLXRlc3RmcmFtZTAzOEBmcmEubWUiLCJhdWQiOiJodHRwczovL2ZyYW1lLm51dGFuaXguY29tIiwiYXAiOiJmcmFtZS1wYXNzd29yZCIsImlzcyI6ImltZy1rZHMucHViIiwibG4iOiJUZXN0IiwianRpIjoxNTg1NjA1MSwiZXhwIjoxODc3OTM2OTU4LCJuYmYiOjE1NjI1NzY5NTgsImZuIjoiRnJhbWUiLCJzdWIiOiJjOGJlMGE2Yi02YTA0LTQyNTYtYmZlMy1hOWY3M2M2M2Y3NDAifQ.10GcPPPutNwzTuQxU1iw5VcjBGqjPYf2XI_SBYAaFPKkUI6T7AkpOBI2nM8c0cq4P4QEG7teE-aptSNDgkvaQg
39,Loginvsi39,Password!,FRAME-B65978B7,testframe039@fra.me,eyJhbGciOiJFUzI1NiIsInR5cCI6IkpXVCJ9.eyJlbSI6ImRybXBlcmYtdnNpLXRlc3RmcmFtZTAzOUBmcmEubWUiLCJhdWQiOiJodHRwczovL2ZyYW1lLm51dGFuaXguY29tIiwiYXAiOiJmcmFtZS1wYXNzd29yZCIsImlzcyI6ImltZy1rZHMucHViIiwibG4iOiJUZXN0IiwianRpIjoxNTg1NjA1MiwiZXhwIjoxODc3OTM2OTU5LCJuYmYiOjE1NjI1NzY5NTksImZuIjoiRnJhbWUiLCJzdWIiOiIyMDg0NjYzZi02MWMwLTQwNTEtOGMzMC1hZTJlNzEwNTNjNzgifQ.fYRTWzAQOdwRXJ23x4S3nJ6SRyb6wLp43hvYac_CDPyQnwgjgBlLhR1caVaU8E_W6oOZrlekS6lg5TTKH5KWcw
40,Loginvsi40,Password!,FRAME-4B5C702D,testframe040@fra.me,eyJhbGciOiJFUzI1NiIsInR5cCI6IkpXVCJ9.eyJlbSI6ImRybXBlcmYtdnNpLXRlc3RmcmFtZTA0MEBmcmEubWUiLCJhdWQiOiJodHRwczovL2ZyYW1lLm51dGFuaXguY29tIiwiYXAiOiJmcmFtZS1wYXNzd29yZCIsImlzcyI6ImltZy1rZHMucHViIiwibG4iOiJUZXN0IiwianRpIjoxNTg1NjA1MywiZXhwIjoxODc3OTM2OTYxLCJuYmYiOjE1NjI1NzY5NjEsImZuIjoiRnJhbWUiLCJzdWIiOiI0M2NmMTUyYi1hN2Q1LTQyYTctYjMxMS0wM2EwYzc4YTIxNmQifQ.TCtVt8NNscY0F0bSTmtTubCZbqbsiSvTw3vWTBuOBpvO_GQ60fNQfqiw84SXjjBzgXRtdkgkdbNv_1Y4T-ZEZg
41,Loginvsi41,Password!,FRAME-BE215D6B,testframe041@fra.me,eyJhbGciOiJFUzI1NiIsInR5cCI6IkpXVCJ9.eyJlbSI6ImRybXBlcmYtdnNpLXRlc3RmcmFtZTA0MUBmcmEubWUiLCJhdWQiOiJodHRwczovL2ZyYW1lLm51dGFuaXguY29tIiwiYXAiOiJmcmFtZS1wYXNzd29yZCIsImlzcyI6ImltZy1rZHMucHViIiwibG4iOiJUZXN0IiwianRpIjoxNTg1NjA1NCwiZXhwIjoxODc3OTM2OTYyLCJuYmYiOjE1NjI1NzY5NjIsImZuIjoiRnJhbWUiLCJzdWIiOiJlMDE5YWMxMC1hZmFmLTQ3ZWYtODk5Mi1mMzlhODQzMzZjM2QifQ.lbjQhVEO0qDmMJigM4xuIOSTplb32TTdaSwjMkD3utdI1EyNGreuKjAC2OujUFeJvI24aeVKhIQ6P-aBLcO9PQ
42,Loginvsi42,Password!,IF-8D0C55EE,testframe042@fra.me,eyJhbGciOiJFUzI1NiIsInR5cCI6IkpXVCJ9.eyJlbSI6ImRybXBlcmYtdnNpLXRlc3RmcmFtZTA0MkBmcmEubWUiLCJhdWQiOiJodHRwczovL2ZyYW1lLm51dGFuaXguY29tIiwiYXAiOiJmcmFtZS1wYXNzd29yZCIsImlzcyI6ImltZy1rZHMucHViIiwibG4iOiJUZXN0IiwianRpIjoxNTg1NjA1NSwiZXhwIjoxODc3OTM2OTY0LCJuYmYiOjE1NjI1NzY5NjQsImZuIjoiRnJhbWUiLCJzdWIiOiIzNjFkOGJiNC0xZjQzLTRiNTctYjQwYS1jYWVkZmRmNzU3YjMifQ.VgU96VxgYET3VZo9bGRVBzfXuyCu0eLjq7RUd7bloJ7tQ1EkHWE-4WyLCvhCvkL-bxgCMNeIv8Tt2xoLMNh_Og
43,Loginvsi43,Password!,FRAME-36B656D2,testframe043@fra.me,eyJhbGciOiJFUzI1NiIsInR5cCI6IkpXVCJ9.eyJlbSI6ImRybXBlcmYtdnNpLXRlc3RmcmFtZTA0M0BmcmEubWUiLCJhdWQiOiJodHRwczovL2ZyYW1lLm51dGFuaXguY29tIiwiYXAiOiJmcmFtZS1wYXNzd29yZCIsImlzcyI6ImltZy1rZHMucHViIiwibG4iOiJUZXN0IiwianRpIjoxNTg1NjA1NiwiZXhwIjoxODc3OTM2OTY1LCJuYmYiOjE1NjI1NzY5NjUsImZuIjoiRnJhbWUiLCJzdWIiOiIxOTEzOGM4NC1lYzk1LTQ4MTAtOWFiOS1jYTA0MTk3OTEzMTcifQ.i5lXBxxSMMHrl1P2QOeJqGQv0JizjE4WMkMTUqi5a7p7LdFB1xhfU53gGo76ZuS3Wfsd7mOCBBWdh2JQTYbeNQ
44,Loginvsi44,Password!,FRAME-9BC2220B,testframe044@fra.me,eyJhbGciOiJFUzI1NiIsInR5cCI6IkpXVCJ9.eyJlbSI6ImRybXBlcmYtdnNpLXRlc3RmcmFtZTA0NEBmcmEubWUiLCJhdWQiOiJodHRwczovL2ZyYW1lLm51dGFuaXguY29tIiwiYXAiOiJmcmFtZS1wYXNzd29yZCIsImlzcyI6ImltZy1rZHMucHViIiwibG4iOiJUZXN0IiwianRpIjoxNTg1NjA1NywiZXhwIjoxODc3OTM2OTY3LCJuYmYiOjE1NjI1NzY5NjcsImZuIjoiRnJhbWUiLCJzdWIiOiJhMGJjOWIxOC00ZmFlLTQwYjUtYTE0Zi1hMDNkZjA5NTk1OGMifQ.SY6hXEGmt20HgDsn5yL4btuaZ4CsKYCNTNYyN9H8j-zIpxsAq5p1P9Q7IoJSwFUBTIhUzj8FFeP64b8q6eUAAA
45,Loginvsi45,Password!,IF-8D2A28BA,testframe045@fra.me,eyJhbGciOiJFUzI1NiIsInR5cCI6IkpXVCJ9.eyJlbSI6ImRybXBlcmYtdnNpLXRlc3RmcmFtZTA0NUBmcmEubWUiLCJhdWQiOiJodHRwczovL2ZyYW1lLm51dGFuaXguY29tIiwiYXAiOiJmcmFtZS1wYXNzd29yZCIsImlzcyI6ImltZy1rZHMucHViIiwibG4iOiJUZXN0IiwianRpIjoxNTg1NjA1OCwiZXhwIjoxODc3OTM2OTY5LCJuYmYiOjE1NjI1NzY5NjksImZuIjoiRnJhbWUiLCJzdWIiOiJkOTY2ODdhNi0zMzdhLTRiMmItOGRhZi05NDhhMzVmMDY4MTYifQ.pL7_U1IvC47bvQyADkO-WDPz_HJOpCg3pDT5wKidW_2iityamDzF2oUEkbEAE-6E05eZQWanhDPIhKONPzCCNw
46,Loginvsi46,Password!,IF-8DE132EB,testframe046@fra.me,eyJhbGciOiJFUzI1NiIsInR5cCI6IkpXVCJ9.eyJlbSI6ImRybXBlcmYtdnNpLXRlc3RmcmFtZTA0NkBmcmEubWUiLCJhdWQiOiJodHRwczovL2ZyYW1lLm51dGFuaXguY29tIiwiYXAiOiJmcmFtZS1wYXNzd29yZCIsImlzcyI6ImltZy1rZHMucHViIiwibG4iOiJUZXN0IiwianRpIjoxNTg1NjA1OSwiZXhwIjoxODc3OTM2OTcwLCJuYmYiOjE1NjI1NzY5NzAsImZuIjoiRnJhbWUiLCJzdWIiOiJiNGNlZjhlNy0xM2JiLTQ3YzEtOWY5MC0zM2Y4NzM4NTU3ODYifQ._tmEl8yPF6yQkSxbAjAQ82rXOYYDfC7IYdFGd-W6Nc3nAPK-y_Nib-FaJC0uSMEtoqUmfmKMrFxa0sNFtEiKmg
47,Loginvsi47,Password!,FRAME-FB743176,testframe047@fra.me,eyJhbGciOiJFUzI1NiIsInR5cCI6IkpXVCJ9.eyJlbSI6ImRybXBlcmYtdnNpLXRlc3RmcmFtZTA0N0BmcmEubWUiLCJhdWQiOiJodHRwczovL2ZyYW1lLm51dGFuaXguY29tIiwiYXAiOiJmcmFtZS1wYXNzd29yZCIsImlzcyI6ImltZy1rZHMucHViIiwibG4iOiJUZXN0IiwianRpIjoxNTg1NjA2MCwiZXhwIjoxODc3OTM2OTcyLCJuYmYiOjE1NjI1NzY5NzIsImZuIjoiRnJhbWUiLCJzdWIiOiI4MTdjMDE4Ny1jOTFiLTQxMWUtOTExZi1kOTRiMTMxYWVjYmIifQ.oJ7_Sg8att_F1dh5J9EnrzMFrzb3pgYxUJlJhmrlVzhrnQyvgphWhbs2Rr51PkU-LVgql2varjJd1WZpUrUuQQ
48,Loginvsi48,Password!,IF-8DD23104,testframe048@fra.me,eyJhbGciOiJFUzI1NiIsInR5cCI6IkpXVCJ9.eyJlbSI6ImRybXBlcmYtdnNpLXRlc3RmcmFtZTA0OEBmcmEubWUiLCJhdWQiOiJodHRwczovL2ZyYW1lLm51dGFuaXguY29tIiwiYXAiOiJmcmFtZS1wYXNzd29yZCIsImlzcyI6ImltZy1rZHMucHViIiwibG4iOiJUZXN0IiwianRpIjoxNTg1NjA2MSwiZXhwIjoxODc3OTM2OTczLCJuYmYiOjE1NjI1NzY5NzMsImZuIjoiRnJhbWUiLCJzdWIiOiI1ZGEyNmJiOC0zMGU1LTRiMjAtODgwMy0xYzU0MmVlNzcwOTkifQ.AkzF1JrwcJp5byFAnwi1rPVjkxd9sCRlJ9ugIcR9bVqw7OPu0Ya8KLidlnEct8mVvDY8UWbR96oyWIzq8Hx8dg
49,Loginvsi49,Password!,FRAME-9681AA68,testframe049@fra.me,eyJhbGciOiJFUzI1NiIsInR5cCI6IkpXVCJ9.eyJlbSI6ImRybXBlcmYtdnNpLXRlc3RmcmFtZTA0OUBmcmEubWUiLCJhdWQiOiJodHRwczovL2ZyYW1lLm51dGFuaXguY29tIiwiYXAiOiJmcmFtZS1wYXNzd29yZCIsImlzcyI6ImltZy1rZHMucHViIiwibG4iOiJUZXN0IiwianRpIjoxNTg1NjA2MiwiZXhwIjoxODc3OTM2OTc1LCJuYmYiOjE1NjI1NzY5NzUsImZuIjoiRnJhbWUiLCJzdWIiOiJjN2QyM2NiNC1iODRmLTQ2OWEtYjU4My1hNmFjNjc1OGUzNWUifQ.GA_2cn2P3MGHfuNDJjkPBhPJMeVq5BJ7KB8juWIVbvdDfzxzkBmASRKNrfAgw7fBEsy0n1TP-A4Y3mp7KXjjAQ
50,Loginvsi50,Password!,FRAME-E46F1067,testframe050@fra.me,eyJhbGciOiJFUzI1NiIsInR5cCI6IkpXVCJ9.eyJlbSI6ImRybXBlcmYtdnNpLXRlc3RmcmFtZTA1MEBmcmEubWUiLCJhdWQiOiJodHRwczovL2ZyYW1lLm51dGFuaXguY29tIiwiYXAiOiJmcmFtZS1wYXNzd29yZCIsImlzcyI6ImltZy1rZHMucHViIiwibG4iOiJUZXN0IiwianRpIjoxNTg1NjA2MywiZXhwIjoxODc3OTM2OTc2LCJuYmYiOjE1NjI1NzY5NzYsImZuIjoiRnJhbWUiLCJzdWIiOiJjYTE5ODlmYS0zNGNiLTRlMTMtYTI5MS04M2U4ZTA5MDg1Y2YifQ.CyeBx3nAZ-Jv6NmVfKY0kgUHegWcq3NfYxWVej-bzhdU4PmiBdyOMA-dRsh7Apl49yY9_al1AJLn2sjb9U6TcQ
51,Loginvsi51,Password!,FRAME-7615FAAF,testframe051@fra.me,eyJhbGciOiJFUzI1NiIsInR5cCI6IkpXVCJ9.eyJlbSI6ImRybXBlcmYtdnNpLXRlc3RmcmFtZTA1MUBmcmEubWUiLCJhdWQiOiJodHRwczovL2ZyYW1lLm51dGFuaXguY29tIiwiYXAiOiJmcmFtZS1wYXNzd29yZCIsImlzcyI6ImltZy1rZHMucHViIiwibG4iOiJUZXN0IiwianRpIjoxNTg1NjA2NCwiZXhwIjoxODc3OTM2OTc4LCJuYmYiOjE1NjI1NzY5NzgsImZuIjoiRnJhbWUiLCJzdWIiOiI0ODg0YzlmYi0zMDk3LTQ1YjMtOGU2OS0yZDMyNmEyODg4MWYifQ.X3JWdIDx0cosIjPxyEEBRM_7gJ3UkZ_bliOkSK2Jup25SLkNAUWwUT5t-_FVShYm9FvCdp0CKfRG-qnWK-XDpg
52,Loginvsi52,Password!,IF-8DE1AE31,testframe052@fra.me,eyJhbGciOiJFUzI1NiIsInR5cCI6IkpXVCJ9.eyJlbSI6ImRybXBlcmYtdnNpLXRlc3RmcmFtZTA1MkBmcmEubWUiLCJhdWQiOiJodHRwczovL2ZyYW1lLm51dGFuaXguY29tIiwiYXAiOiJmcmFtZS1wYXNzd29yZCIsImlzcyI6ImltZy1rZHMucHViIiwibG4iOiJUZXN0IiwianRpIjoxNTg1NjA2NSwiZXhwIjoxODc3OTM2OTc5LCJuYmYiOjE1NjI1NzY5NzksImZuIjoiRnJhbWUiLCJzdWIiOiI2N2JjMTU4MS1iM2EzLTQ1MmEtODE5Mi00NzlmOGJhNTQ4MWUifQ.QxWpaC2NPSGRK-gaVFjPQALMbMbQwKiMpTm_rx7zdxyWYGtBMVUB1LbOcsHGAux_2Wbrv7zLmVl4Z5R4c_DYtA
53,Loginvsi53,Password!,IF-8D4790A7,testframe053@fra.me,eyJhbGciOiJFUzI1NiIsInR5cCI6IkpXVCJ9.eyJlbSI6ImRybXBlcmYtdnNpLXRlc3RmcmFtZTA1M0BmcmEubWUiLCJhdWQiOiJodHRwczovL2ZyYW1lLm51dGFuaXguY29tIiwiYXAiOiJmcmFtZS1wYXNzd29yZCIsImlzcyI6ImltZy1rZHMucHViIiwibG4iOiJUZXN0IiwianRpIjoxNTg1NjA2NiwiZXhwIjoxODc3OTM2OTgxLCJuYmYiOjE1NjI1NzY5ODEsImZuIjoiRnJhbWUiLCJzdWIiOiIxZTcxNWIzNi1kOWNkLTQ0YjAtOWVhNC1lZDBiODg5NDllN2MifQ.uQ0hqG3cmAj3j-h-4sm2tUH8mQACV4TImA8P7uRY--2MfHTJVx02fHRSoVrHV7CQjQj2m5Oab53y5a66IxbMXw
54,Loginvsi54,Password!,IF-8D6C7204,testframe054@fra.me,eyJhbGciOiJFUzI1NiIsInR5cCI6IkpXVCJ9.eyJlbSI6ImRybXBlcmYtdnNpLXRlc3RmcmFtZTA1NEBmcmEubWUiLCJhdWQiOiJodHRwczovL2ZyYW1lLm51dGFuaXguY29tIiwiYXAiOiJmcmFtZS1wYXNzd29yZCIsImlzcyI6ImltZy1rZHMucHViIiwibG4iOiJUZXN0IiwianRpIjoxNTg1NjA2NywiZXhwIjoxODc3OTM2OTgyLCJuYmYiOjE1NjI1NzY5ODIsImZuIjoiRnJhbWUiLCJzdWIiOiIwOTI1NGU2YS0xZjg0LTQ1OGYtYTk3Ni1iOTk4MjhhZjIxZjQifQ.WFpq3ms8I0G9G24W-S7rNKxlsuTJpaPYmHqwhLOnuHHPktYqJIKWU3xJrBkf3uY7eINaoH_VaA1SN21dLo322A
55,Loginvsi55,Password!,FRAME-EBDF7CCD,testframe055@fra.me,eyJhbGciOiJFUzI1NiIsInR5cCI6IkpXVCJ9.eyJlbSI6ImRybXBlcmYtdnNpLXRlc3RmcmFtZTA1NUBmcmEubWUiLCJhdWQiOiJodHRwczovL2ZyYW1lLm51dGFuaXguY29tIiwiYXAiOiJmcmFtZS1wYXNzd29yZCIsImlzcyI6ImltZy1rZHMucHViIiwibG4iOiJUZXN0IiwianRpIjoxNTg1NjA2OCwiZXhwIjoxODc3OTM2OTg0LCJuYmYiOjE1NjI1NzY5ODQsImZuIjoiRnJhbWUiLCJzdWIiOiJmMTc0OGVkZS1lZTZiLTRhYjMtOTlmMC05ZTM3YzdiMTM4MmUifQ._Aa3pC-mZuIDJ4-ncZgrtajadjHGXxknOmA1HgKOtUGVybJi9GtiQnCQe4XIwjfqWHeSjrZEHP_SjttcRth7DQ
56,Loginvsi56,Password!,FRAME-0D5604BB,testframe056@fra.me,eyJhbGciOiJFUzI1NiIsInR5cCI6IkpXVCJ9.eyJlbSI6ImRybXBlcmYtdnNpLXRlc3RmcmFtZTA1NkBmcmEubWUiLCJhdWQiOiJodHRwczovL2ZyYW1lLm51dGFuaXguY29tIiwiYXAiOiJmcmFtZS1wYXNzd29yZCIsImlzcyI6ImltZy1rZHMucHViIiwibG4iOiJUZXN0IiwianRpIjoxNTg1NjA2OSwiZXhwIjoxODc3OTM2OTg1LCJuYmYiOjE1NjI1NzY5ODUsImZuIjoiRnJhbWUiLCJzdWIiOiJhM2ZiZWM3Yy1kM2UzLTQyZTctODRmNS1kYjJmNWI5NzhlMDMifQ.FpAywKltUGXW8ioCf2riF6xEVktgq3K7w5H7Feep-5TmrgrMA2cdJrGLoh0zJiXFcUCQvsTG1IcB_vsBg4fo5g
57,Loginvsi57,Password!,FRAME-80B7D2F5,testframe057@fra.me,eyJhbGciOiJFUzI1NiIsInR5cCI6IkpXVCJ9.eyJlbSI6ImRybXBlcmYtdnNpLXRlc3RmcmFtZTA1N0BmcmEubWUiLCJhdWQiOiJodHRwczovL2ZyYW1lLm51dGFuaXguY29tIiwiYXAiOiJmcmFtZS1wYXNzd29yZCIsImlzcyI6ImltZy1rZHMucHViIiwibG4iOiJUZXN0IiwianRpIjoxNTg1NjA3MCwiZXhwIjoxODc3OTM2OTg3LCJuYmYiOjE1NjI1NzY5ODcsImZuIjoiRnJhbWUiLCJzdWIiOiJmODE3OTEwOS05MmM0LTQyYjItODY5Ny00Nzk4NTFkNWQ3ZjYifQ.DcvdtECdsCVrjThwRwmnoAjWAdZcCHn_8ZhTjjqLBPDoPM98ARj0y3gRj3Jt9YoT5-P7TYQx165edV21e9lzHg
58,Loginvsi58,Password!,FRAME-882B743F,testframe058@fra.me,eyJhbGciOiJFUzI1NiIsInR5cCI6IkpXVCJ9.eyJlbSI6ImRybXBlcmYtdnNpLXRlc3RmcmFtZTA1OEBmcmEubWUiLCJhdWQiOiJodHRwczovL2ZyYW1lLm51dGFuaXguY29tIiwiYXAiOiJmcmFtZS1wYXNzd29yZCIsImlzcyI6ImltZy1rZHMucHViIiwibG4iOiJUZXN0IiwianRpIjoxNTg1NjA3MSwiZXhwIjoxODc3OTM2OTg4LCJuYmYiOjE1NjI1NzY5ODgsImZuIjoiRnJhbWUiLCJzdWIiOiI5NTg1Yjk4Mi1lZDIwLTQ5MDYtOTk4YS0zNzU3YTEwYjUxNmEifQ.r0sgHEl3wRfJe2Rce1gKrVnc3vuGHcuYBeq2Ij2qa1C2fiMxxFbX-73aVz_yU24frb5HHfF34YUsoGx9F7sLdg
59,Loginvsi59,Password!,FRAME-F71947ED,testframe059@fra.me,eyJhbGciOiJFUzI1NiIsInR5cCI6IkpXVCJ9.eyJlbSI6ImRybXBlcmYtdnNpLXRlc3RmcmFtZTA1OUBmcmEubWUiLCJhdWQiOiJodHRwczovL2ZyYW1lLm51dGFuaXguY29tIiwiYXAiOiJmcmFtZS1wYXNzd29yZCIsImlzcyI6ImltZy1rZHMucHViIiwibG4iOiJUZXN0IiwianRpIjoxNTg1NjA3MiwiZXhwIjoxODc3OTM2OTkwLCJuYmYiOjE1NjI1NzY5OTAsImZuIjoiRnJhbWUiLCJzdWIiOiJkMjRmMjM3MS1iMGQyLTQzZjctOWNlMS03ZjUwN2M4MTdiYjEifQ.ivn2ahQbpCwYfOVzUG8XevgycIVHv4wn8IWd_4ozZNRpj6Fc2M8nhlhdr84aIAWt1UA0dC0LXHFqiMzckGv-pw
60,Loginvsi60,Password!,FRAME-A9653AC8,testframe060@fra.me,eyJhbGciOiJFUzI1NiIsInR5cCI6IkpXVCJ9.eyJlbSI6ImRybXBlcmYtdnNpLXRlc3RmcmFtZTA2MEBmcmEubWUiLCJhdWQiOiJodHRwczovL2ZyYW1lLm51dGFuaXguY29tIiwiYXAiOiJmcmFtZS1wYXNzd29yZCIsImlzcyI6ImltZy1rZHMucHViIiwibG4iOiJUZXN0IiwianRpIjoxNTg1NjA3MywiZXhwIjoxODc3OTM2OTkxLCJuYmYiOjE1NjI1NzY5OTEsImZuIjoiRnJhbWUiLCJzdWIiOiJhMzFkMTU0MS0wNzVjLTQ5ZjUtOGFhZC0yZjg5NzgxMGNlMDEifQ.ja2Z4e8U0_0qmAvWMnM2MmpOA6l4wwM9TWsqkSWM-cVP5ETTXImtvl06dHszqSIB_beWu7eK8W6JaGkXz8D2oQ
61,Loginvsi61,Password!,FRAME-1553FF6F,testframe061@fra.me,eyJhbGciOiJFUzI1NiIsInR5cCI6IkpXVCJ9.eyJlbSI6ImRybXBlcmYtdnNpLXRlc3RmcmFtZTA2MUBmcmEubWUiLCJhdWQiOiJodHRwczovL2ZyYW1lLm51dGFuaXguY29tIiwiYXAiOiJmcmFtZS1wYXNzd29yZCIsImlzcyI6ImltZy1rZHMucHViIiwibG4iOiJUZXN0IiwianRpIjoxNTg1NjA3NCwiZXhwIjoxODc3OTM2OTkzLCJuYmYiOjE1NjI1NzY5OTMsImZuIjoiRnJhbWUiLCJzdWIiOiJmZDE4Mzk5NS0wZTI2LTQyZmMtYTUxMS05YmJjODQ4MjJkNGIifQ.T8jJ4sx6XF5CavvSlejNd2MhDuFzX_-1_k2VI2UiQ_W9O-L-cnfGw5XSpgqf4eRXcUhOGs8fpYsMEzssz62WJA
62,Loginvsi62,Password!,IF-8DA7C041,testframe062@fra.me,eyJhbGciOiJFUzI1NiIsInR5cCI6IkpXVCJ9.eyJlbSI6ImRybXBlcmYtdnNpLXRlc3RmcmFtZTA2MkBmcmEubWUiLCJhdWQiOiJodHRwczovL2ZyYW1lLm51dGFuaXguY29tIiwiYXAiOiJmcmFtZS1wYXNzd29yZCIsImlzcyI6ImltZy1rZHMucHViIiwibG4iOiJUZXN0IiwianRpIjoxNTg1NjA3NSwiZXhwIjoxODc3OTM2OTk0LCJuYmYiOjE1NjI1NzY5OTQsImZuIjoiRnJhbWUiLCJzdWIiOiJjMjZmNjY4Ni1mYTE2LTRkNjUtYTc1YS1iYzRhZGQ3YWZlNmUifQ.8L3e1z5-bktokcgXcb6OEehAVsQizGVY25nKGOYu2lZMzeevXz7p7e_86q7gE7cZtomAsTLOYgVAaZYMWp27Ew
63,Loginvsi63,Password!,IF-8D4BDE7B,testframe063@fra.me,eyJhbGciOiJFUzI1NiIsInR5cCI6IkpXVCJ9.eyJlbSI6ImRybXBlcmYtdnNpLXRlc3RmcmFtZTA2M0BmcmEubWUiLCJhdWQiOiJodHRwczovL2ZyYW1lLm51dGFuaXguY29tIiwiYXAiOiJmcmFtZS1wYXNzd29yZCIsImlzcyI6ImltZy1rZHMucHViIiwibG4iOiJUZXN0IiwianRpIjoxNTg1NjA3NiwiZXhwIjoxODc3OTM2OTk2LCJuYmYiOjE1NjI1NzY5OTYsImZuIjoiRnJhbWUiLCJzdWIiOiJhNTk4ODExNi05ZDE0LTQwNmItYTc5YS1jMGZiMzZmNDY4ZTAifQ.wC6rj9uLa5mrEPgIphI26nCcUXC_LiTPs3r1pjNrxmoPq8ogNRyfr9nMl7DWB4PTHlF9TOOZ6b6zP-hECkTGbQ
64,Loginvsi64,Password!,FRAME-C21307DC,testframe064@fra.me,eyJhbGciOiJFUzI1NiIsInR5cCI6IkpXVCJ9.eyJlbSI6ImRybXBlcmYtdnNpLXRlc3RmcmFtZTA2NEBmcmEubWUiLCJhdWQiOiJodHRwczovL2ZyYW1lLm51dGFuaXguY29tIiwiYXAiOiJmcmFtZS1wYXNzd29yZCIsImlzcyI6ImltZy1rZHMucHViIiwibG4iOiJUZXN0IiwianRpIjoxNTg1NjA3NywiZXhwIjoxODc3OTM2OTk3LCJuYmYiOjE1NjI1NzY5OTcsImZuIjoiRnJhbWUiLCJzdWIiOiJkNDg1OWY0MC0xNzU4LTQyMDYtOTc5Ny0yYzkzYjE0MWYwM2UifQ.2ACPYNsBjwyDDvAlGE2ciUonFB1TNY_RH5ofYvj-WDy6rmUh_uAC0dUaRj0-cf6PM1zHdZOp8krDq2VMAZHJ4g
65,Loginvsi65,Password!,FRAME-38BEE2EB,testframe065@fra.me,eyJhbGciOiJFUzI1NiIsInR5cCI6IkpXVCJ9.eyJlbSI6ImRybXBlcmYtdnNpLXRlc3RmcmFtZTA2NUBmcmEubWUiLCJhdWQiOiJodHRwczovL2ZyYW1lLm51dGFuaXguY29tIiwiYXAiOiJmcmFtZS1wYXNzd29yZCIsImlzcyI6ImltZy1rZHMucHViIiwibG4iOiJUZXN0IiwianRpIjoxNTg1NjA3OCwiZXhwIjoxODc3OTM2OTk5LCJuYmYiOjE1NjI1NzY5OTksImZuIjoiRnJhbWUiLCJzdWIiOiJkYWNiNjUyOC1hZjY2LTQ1ZDktOWM3YS1lNTNiMDViMTk2NDAifQ.ajjOGxCHxrekVvDDZPrv_Lqe727RJ_tKvjFTNumhFLR-irIgBSMaESWqYlYOBIYp12WaVEyVshcqnU2jeaq9Qg
66,Loginvsi66,Password!,IF-8DDFF45A,testframe066@fra.me,eyJhbGciOiJFUzI1NiIsInR5cCI6IkpXVCJ9.eyJlbSI6ImRybXBlcmYtdnNpLXRlc3RmcmFtZTA2NkBmcmEubWUiLCJhdWQiOiJodHRwczovL2ZyYW1lLm51dGFuaXguY29tIiwiYXAiOiJmcmFtZS1wYXNzd29yZCIsImlzcyI6ImltZy1rZHMucHViIiwibG4iOiJUZXN0IiwianRpIjoxNTg1NjA3OSwiZXhwIjoxODc3OTM3MDAxLCJuYmYiOjE1NjI1NzcwMDEsImZuIjoiRnJhbWUiLCJzdWIiOiJhMzY0YmY1NS1hOTc0LTRlZjUtYWE3Ni1lNTI2M2NhZTA3NzYifQ.Nt94EELDBLT-aQGthWAy9lLQFNj8SQkrn5945HJyb9HsvDwp_H2Xqghuoj4XvLp0E6gcg7dyNXRvBdkd20aMMw
67,Loginvsi67,Password!,FRAME-BE169B84,testframe067@fra.me,eyJhbGciOiJFUzI1NiIsInR5cCI6IkpXVCJ9.eyJlbSI6ImRybXBlcmYtdnNpLXRlc3RmcmFtZTA2N0BmcmEubWUiLCJhdWQiOiJodHRwczovL2ZyYW1lLm51dGFuaXguY29tIiwiYXAiOiJmcmFtZS1wYXNzd29yZCIsImlzcyI6ImltZy1rZHMucHViIiwibG4iOiJUZXN0IiwianRpIjoxNTg1NjA4MCwiZXhwIjoxODc3OTM3MDAyLCJuYmYiOjE1NjI1NzcwMDIsImZuIjoiRnJhbWUiLCJzdWIiOiI5MzFjZWY5NS1mODk5LTQwMDItYTcwZC1lMGNhZWE4ZmE2NjIifQ.g1XvUzgVAeLlohndBCaBBf-9j-5bXX9f__ArBZf6_LCcm1ohWgaS3Z1ysmuWFbivwoMzev0aLpOWCGQZyXcnMg
68,Loginvsi68,Password!,IF-8D4AD162,testframe068@fra.me,eyJhbGciOiJFUzI1NiIsInR5cCI6IkpXVCJ9.eyJlbSI6ImRybXBlcmYtdnNpLXRlc3RmcmFtZTA2OEBmcmEubWUiLCJhdWQiOiJodHRwczovL2ZyYW1lLm51dGFuaXguY29tIiwiYXAiOiJmcmFtZS1wYXNzd29yZCIsImlzcyI6ImltZy1rZHMucHViIiwibG4iOiJUZXN0IiwianRpIjoxNTg1NjA4MSwiZXhwIjoxODc3OTM3MDA0LCJuYmYiOjE1NjI1NzcwMDQsImZuIjoiRnJhbWUiLCJzdWIiOiJhNzIxMjY5Ny05ZDIwLTRiOTMtYjEzZi1iZGVhNDU0NTJiZDgifQ.qlfTAhXBv7aS4Zv2wq67OdDYosHzUeP0PQVelG094gzV_VGKLi74vrvxh14i1WSTdyF3ChW1KnrPWq-NZ78ycg
69,Loginvsi69,Password!,FRAME-E1E5E479,testframe069@fra.me,eyJhbGciOiJFUzI1NiIsInR5cCI6IkpXVCJ9.eyJlbSI6ImRybXBlcmYtdnNpLXRlc3RmcmFtZTA2OUBmcmEubWUiLCJhdWQiOiJodHRwczovL2ZyYW1lLm51dGFuaXguY29tIiwiYXAiOiJmcmFtZS1wYXNzd29yZCIsImlzcyI6ImltZy1rZHMucHViIiwibG4iOiJUZXN0IiwianRpIjoxNTg1NjA4MiwiZXhwIjoxODc3OTM3MDA1LCJuYmYiOjE1NjI1NzcwMDUsImZuIjoiRnJhbWUiLCJzdWIiOiI2OWJjYTc0Zi01NGZmLTQ5ZDAtOTNkYi03ZGQzYWM0OGNkZjUifQ.MNeLGFqH8UedFyTqa2-8zJOY-NQdq0m7jYaZ2CIOpCP4CuDqlaPxny84oj_nqU_y8Bf5RRLTdDtNJOwar-WBaA
70,Loginvsi70,Password!,FRAME-0D52658A,testframe070@fra.me,eyJhbGciOiJFUzI1NiIsInR5cCI6IkpXVCJ9.eyJlbSI6ImRybXBlcmYtdnNpLXRlc3RmcmFtZTA3MEBmcmEubWUiLCJhdWQiOiJodHRwczovL2ZyYW1lLm51dGFuaXguY29tIiwiYXAiOiJmcmFtZS1wYXNzd29yZCIsImlzcyI6ImltZy1rZHMucHViIiwibG4iOiJUZXN0IiwianRpIjoxNTg1NjA4MywiZXhwIjoxODc3OTM3MDA3LCJuYmYiOjE1NjI1NzcwMDcsImZuIjoiRnJhbWUiLCJzdWIiOiI4NTBjNzZlMC1iNzhiLTQyNzItODVkMi1iMTIzYThlYTdiOTcifQ.lQw8X5QHlHDhZBKVgffimc2IHjgMkTdBKN4RTMISepFe1esRl5sfbgX2PqxN1UHvLf6pkl9znE3Fm-35ZqY_Sg
71,Loginvsi71,Password!,FRAME-27156081,testframe071@fra.me,eyJhbGciOiJFUzI1NiIsInR5cCI6IkpXVCJ9.eyJlbSI6ImRybXBlcmYtdnNpLXRlc3RmcmFtZTA3MUBmcmEubWUiLCJhdWQiOiJodHRwczovL2ZyYW1lLm51dGFuaXguY29tIiwiYXAiOiJmcmFtZS1wYXNzd29yZCIsImlzcyI6ImltZy1rZHMucHViIiwibG4iOiJUZXN0IiwianRpIjoxNTg1NjA4NCwiZXhwIjoxODc3OTM3MDA4LCJuYmYiOjE1NjI1NzcwMDgsImZuIjoiRnJhbWUiLCJzdWIiOiJiMjVjYmJhMi1hNjQxLTQyZTYtOTg2NS01MDQyYWU4NmVkNmQifQ.axtr0oUWcfiToGkWxbGodVrSCCdQG42QqVtV1ARcFa5AqKyRyo5ymW5TSJlgV7VzEFYuTYe9058o-vR_aqky4w
72,Loginvsi72,Password!,FRAME-580724A5,testframe072@fra.me,eyJhbGciOiJFUzI1NiIsInR5cCI6IkpXVCJ9.eyJlbSI6ImRybXBlcmYtdnNpLXRlc3RmcmFtZTA3MkBmcmEubWUiLCJhdWQiOiJodHRwczovL2ZyYW1lLm51dGFuaXguY29tIiwiYXAiOiJmcmFtZS1wYXNzd29yZCIsImlzcyI6ImltZy1rZHMucHViIiwibG4iOiJUZXN0IiwianRpIjoxNTg1NjA4NSwiZXhwIjoxODc3OTM3MDEwLCJuYmYiOjE1NjI1NzcwMTAsImZuIjoiRnJhbWUiLCJzdWIiOiIxYmI1YzhkYi1mNjc4LTRhMDAtOWMxMi0zYjQzMzgzMjE4OWIifQ.3OkUXtLIveDUTtDxu-cL4KrS6P3hmvncTFokodSyaCqZa_ktOt_MbjVXdAnIWdjoUKGwcOWK_6hSYIjTv66jww
73,Loginvsi73,Password!,FRAME-6438AA39,testframe073@fra.me,eyJhbGciOiJFUzI1NiIsInR5cCI6IkpXVCJ9.eyJlbSI6ImRybXBlcmYtdnNpLXRlc3RmcmFtZTA3M0BmcmEubWUiLCJhdWQiOiJodHRwczovL2ZyYW1lLm51dGFuaXguY29tIiwiYXAiOiJmcmFtZS1wYXNzd29yZCIsImlzcyI6ImltZy1rZHMucHViIiwibG4iOiJUZXN0IiwianRpIjoxNTg1NjA4NiwiZXhwIjoxODc3OTM3MDExLCJuYmYiOjE1NjI1NzcwMTEsImZuIjoiRnJhbWUiLCJzdWIiOiJmMTE4MzQ0Ny1kOTRjLTRjZDEtYjkyNy01MGYyODdkYzA1ZGMifQ.bhJQKnPZqxSUQmftUUf83HqpS2yQ4u1qVQAY60UV3tXYUcI68jZJ21ITN5peLxjxX3Y1eLxmqYFRm_appwDo0w
74,Loginvsi74,Password!,IF-8D8DA4D2,testframe074@fra.me,eyJhbGciOiJFUzI1NiIsInR5cCI6IkpXVCJ9.eyJlbSI6ImRybXBlcmYtdnNpLXRlc3RmcmFtZTA3NEBmcmEubWUiLCJhdWQiOiJodHRwczovL2ZyYW1lLm51dGFuaXguY29tIiwiYXAiOiJmcmFtZS1wYXNzd29yZCIsImlzcyI6ImltZy1rZHMucHViIiwibG4iOiJUZXN0IiwianRpIjoxNTg1NjA4NywiZXhwIjoxODc3OTM3MDEzLCJuYmYiOjE1NjI1NzcwMTMsImZuIjoiRnJhbWUiLCJzdWIiOiJhNDlkOTg5Ni0zNTYxLTRiOGItOGE0NS1hMzRlOTIyMDUwMTgifQ.87tumbTGdtDjfzdZK74LbFCcXr3eBR99jv-c_C2hPmxcz7rZUmnknwdmyjn5y3bKhP5NV04bcIHKr7sg8CCgKw
75,Loginvsi75,Password!,IF-8D4E88CC,testframe075@fra.me,eyJhbGciOiJFUzI1NiIsInR5cCI6IkpXVCJ9.eyJlbSI6ImRybXBlcmYtdnNpLXRlc3RmcmFtZTA3NUBmcmEubWUiLCJhdWQiOiJodHRwczovL2ZyYW1lLm51dGFuaXguY29tIiwiYXAiOiJmcmFtZS1wYXNzd29yZCIsImlzcyI6ImltZy1rZHMucHViIiwibG4iOiJUZXN0IiwianRpIjoxNTg1NjA4OCwiZXhwIjoxODc3OTM3MDE0LCJuYmYiOjE1NjI1NzcwMTQsImZuIjoiRnJhbWUiLCJzdWIiOiIwMGQwYjcxZi00MzY3LTQxYmQtYjk5My1jMGM4ZmMzY2VkNTUifQ.wDPjhyefmSpXob3hX0UZsHNiRoAhUhRV6OoB8Jyfkmyty1my5wTZEHFnwKMK7VkDhy0nEIjcVFB01oYCIYKYNg
76,Loginvsi76,Password!,FRAME-26096642,testframe076@fra.me,eyJhbGciOiJFUzI1NiIsInR5cCI6IkpXVCJ9.eyJlbSI6ImRybXBlcmYtdnNpLXRlc3RmcmFtZTA3NkBmcmEubWUiLCJhdWQiOiJodHRwczovL2ZyYW1lLm51dGFuaXguY29tIiwiYXAiOiJmcmFtZS1wYXNzd29yZCIsImlzcyI6ImltZy1rZHMucHViIiwibG4iOiJUZXN0IiwianRpIjoxNTg1NjA4OSwiZXhwIjoxODc3OTM3MDE2LCJuYmYiOjE1NjI1NzcwMTYsImZuIjoiRnJhbWUiLCJzdWIiOiIwM2QwMmE3My1jOTIyLTRkZjItOTViNC1iODA1ZTI4NjhmYjkifQ.NEJR4cemEd5lrARB6RQgWt6vRvpAtLAl14iSmPecaHnh_EJ37I6xURAlIDH4W_bCZSjvciwtGFvgylTk3SFnVA
77,Loginvsi77,Password!,FRAME-7592006B,testframe077@fra.me,eyJhbGciOiJFUzI1NiIsInR5cCI6IkpXVCJ9.eyJlbSI6ImRybXBlcmYtdnNpLXRlc3RmcmFtZTA3N0BmcmEubWUiLCJhdWQiOiJodHRwczovL2ZyYW1lLm51dGFuaXguY29tIiwiYXAiOiJmcmFtZS1wYXNzd29yZCIsImlzcyI6ImltZy1rZHMucHViIiwibG4iOiJUZXN0IiwianRpIjoxNTg1NjA5MCwiZXhwIjoxODc3OTM3MDE3LCJuYmYiOjE1NjI1NzcwMTcsImZuIjoiRnJhbWUiLCJzdWIiOiJlODUwODA3Mi00NTQ3LTQxZDgtOWNmZS1iYTcxYmE0N2JlY2UifQ.pevxBhWfBtIWfo-aqIrs59LHZa4ymVj_-q-YgK43pmzLDC8Bb_LDWb5AsCuonie3GcUrlY9WWvWw3wPy6Dm8vg
78,Loginvsi78,Password!,FRAME-9EBC1D0C,testframe078@fra.me,eyJhbGciOiJFUzI1NiIsInR5cCI6IkpXVCJ9.eyJlbSI6ImRybXBlcmYtdnNpLXRlc3RmcmFtZTA3OEBmcmEubWUiLCJhdWQiOiJodHRwczovL2ZyYW1lLm51dGFuaXguY29tIiwiYXAiOiJmcmFtZS1wYXNzd29yZCIsImlzcyI6ImltZy1rZHMucHViIiwibG4iOiJUZXN0IiwianRpIjoxNTg1NjA5MSwiZXhwIjoxODc3OTM3MDE5LCJuYmYiOjE1NjI1NzcwMTksImZuIjoiRnJhbWUiLCJzdWIiOiI1ODhiNTRmYS1lMTcyLTRjN2ItOWRjMC05YTYzNTEyOWQ3ODYifQ.k4P67ourgFQ7JK46r_ELnjNH29fohaeonUZGVvLIFZiacJfTnzsuGApJEqPvgM0vXmmnyKN6sx5QBYP_IoXVZQ
79,Loginvsi79,Password!,FRAME-E59EB1DD,testframe079@fra.me,eyJhbGciOiJFUzI1NiIsInR5cCI6IkpXVCJ9.eyJlbSI6ImRybXBlcmYtdnNpLXRlc3RmcmFtZTA3OUBmcmEubWUiLCJhdWQiOiJodHRwczovL2ZyYW1lLm51dGFuaXguY29tIiwiYXAiOiJmcmFtZS1wYXNzd29yZCIsImlzcyI6ImltZy1rZHMucHViIiwibG4iOiJUZXN0IiwianRpIjoxNTg1NjA5MiwiZXhwIjoxODc3OTM3MDIwLCJuYmYiOjE1NjI1NzcwMjAsImZuIjoiRnJhbWUiLCJzdWIiOiJjNmNlZWQ2ZS1mNzE2LTRhNTAtYmVhZi02YTRmZjg1MjA0YWUifQ.Kb4UK_D0nJi3YuID_IlLZMTp-wa89IrAiY5MijhWHr9rapWoOnQRI5QjXfSQBa42Ln8k5lPlPiNcCX7_bfTNXQ
80,Loginvsi80,Password!,FRAME-A7BA5E87,testframe080@fra.me,eyJhbGciOiJFUzI1NiIsInR5cCI6IkpXVCJ9.eyJlbSI6ImRybXBlcmYtdnNpLXRlc3RmcmFtZTA4MEBmcmEubWUiLCJhdWQiOiJodHRwczovL2ZyYW1lLm51dGFuaXguY29tIiwiYXAiOiJmcmFtZS1wYXNzd29yZCIsImlzcyI6ImltZy1rZHMucHViIiwibG4iOiJUZXN0IiwianRpIjoxNTg1NjA5MywiZXhwIjoxODc3OTM3MDIyLCJuYmYiOjE1NjI1NzcwMjIsImZuIjoiRnJhbWUiLCJzdWIiOiIwN2I5N2JmMS1hNTIxLTQyYjEtODU4My1iZTUyZjY3MWJiZDYifQ.DJrBLhXsJwunRcHmhBXnrVN5AdUSlwZV-sSOA6cFvK3gwpu2A8EVSCoyTbHu9upqZrMT-o9Q5SMaOuS_-Sd6nw
81,Loginvsi81,Password!,FRAME-8A397C95,testframe081@fra.me,eyJhbGciOiJFUzI1NiIsInR5cCI6IkpXVCJ9.eyJlbSI6ImRybXBlcmYtdnNpLXRlc3RmcmFtZTA4MUBmcmEubWUiLCJhdWQiOiJodHRwczovL2ZyYW1lLm51dGFuaXguY29tIiwiYXAiOiJmcmFtZS1wYXNzd29yZCIsImlzcyI6ImltZy1rZHMucHViIiwibG4iOiJUZXN0IiwianRpIjoxNTg1NjA5NCwiZXhwIjoxODc3OTM3MDI0LCJuYmYiOjE1NjI1NzcwMjQsImZuIjoiRnJhbWUiLCJzdWIiOiI1YTZmOGQxYy00MGMyLTQ2MTktODEwNS05Mjk4ZmQ1NDViZTUifQ.kp9Y3FYGw5qcOdbezJFHeCnfQJ17mCFI_8GYNBEfvwnZvQ7cpsE7YFEucL7zCIZ43F-QmGaVukoVsmAgEI-4Vg
82,Loginvsi82,Password!,FRAME-B7A886A3,testframe082@fra.me,eyJhbGciOiJFUzI1NiIsInR5cCI6IkpXVCJ9.eyJlbSI6ImRybXBlcmYtdnNpLXRlc3RmcmFtZTA4MkBmcmEubWUiLCJhdWQiOiJodHRwczovL2ZyYW1lLm51dGFuaXguY29tIiwiYXAiOiJmcmFtZS1wYXNzd29yZCIsImlzcyI6ImltZy1rZHMucHViIiwibG4iOiJUZXN0IiwianRpIjoxNTg1NjA5NSwiZXhwIjoxODc3OTM3MDI1LCJuYmYiOjE1NjI1NzcwMjUsImZuIjoiRnJhbWUiLCJzdWIiOiJkZTNlNWZhOS02MGQ4LTRmMzUtOTAyYi0wZTgyMmI2OWJmYzUifQ.3rl1TBw84CbSsSvHOlrhq91sHX8Tqsy8KOs4NIN0NrYUUHNgeLWiw30ZA-GZBi_slmTqNrdcLE8Q-uClAFTh8w
83,Loginvsi83,Password!,FRAME-96FEDE44,testframe083@fra.me,eyJhbGciOiJFUzI1NiIsInR5cCI6IkpXVCJ9.eyJlbSI6ImRybXBlcmYtdnNpLXRlc3RmcmFtZTA4M0BmcmEubWUiLCJhdWQiOiJodHRwczovL2ZyYW1lLm51dGFuaXguY29tIiwiYXAiOiJmcmFtZS1wYXNzd29yZCIsImlzcyI6ImltZy1rZHMucHViIiwibG4iOiJUZXN0IiwianRpIjoxNTg1NjA5NiwiZXhwIjoxODc3OTM3MDI3LCJuYmYiOjE1NjI1NzcwMjcsImZuIjoiRnJhbWUiLCJzdWIiOiJiMTUxNGE0Mi05MjczLTRkZmEtYWYxNC1iOTIyZWM0OTUyNWUifQ.t1dZLnW6exUKi35Tzqwhtht-NKq6NlMpizQ728autS1t8SbACxGs6uWSKwZdH7F8AD1CC7hqBe_xa_3_npKHgg
84,Loginvsi84,Password!,IF-8DBD1636,testframe084@fra.me,eyJhbGciOiJFUzI1NiIsInR5cCI6IkpXVCJ9.eyJlbSI6ImRybXBlcmYtdnNpLXRlc3RmcmFtZTA4NEBmcmEubWUiLCJhdWQiOiJodHRwczovL2ZyYW1lLm51dGFuaXguY29tIiwiYXAiOiJmcmFtZS1wYXNzd29yZCIsImlzcyI6ImltZy1rZHMucHViIiwibG4iOiJUZXN0IiwianRpIjoxNTg1NjA5NywiZXhwIjoxODc3OTM3MDI4LCJuYmYiOjE1NjI1NzcwMjgsImZuIjoiRnJhbWUiLCJzdWIiOiJkOTlmMmU0Zi0xNjk5LTRiOWEtOWRlYS1kOGNlYTc4MzEyN2YifQ.Fj0_psY3BwdBTUl1FVfqmXZCuDrk0JHYHKxwy3L_NMOeyfQWS6xqfxxCeh8aUoaQyJ9vRtoZbCBIWsHzGD482w
85,Loginvsi85,Password!,FRAME-FC7149A1,testframe085@fra.me,eyJhbGciOiJFUzI1NiIsInR5cCI6IkpXVCJ9.eyJlbSI6ImRybXBlcmYtdnNpLXRlc3RmcmFtZTA4NUBmcmEubWUiLCJhdWQiOiJodHRwczovL2ZyYW1lLm51dGFuaXguY29tIiwiYXAiOiJmcmFtZS1wYXNzd29yZCIsImlzcyI6ImltZy1rZHMucHViIiwibG4iOiJUZXN0IiwianRpIjoxNTg1NjA5OCwiZXhwIjoxODc3OTM3MDMwLCJuYmYiOjE1NjI1NzcwMzAsImZuIjoiRnJhbWUiLCJzdWIiOiIzMDQ2MTk5YS1jNTk1LTRhY2UtYjQzNi05OWZiZjVmNzE4ZDYifQ.OfBS0R7_qgPBU9inLNqvV5yQGbZRXvmI_avD1Ez8Lchhux7uUsAuHRbRtdnBxdEH7KdO1hdSkTkfcYh9v2Ry6w
86,Loginvsi86,Password!,FRAME-BE504251,testframe086@fra.me,eyJhbGciOiJFUzI1NiIsInR5cCI6IkpXVCJ9.eyJlbSI6ImRybXBlcmYtdnNpLXRlc3RmcmFtZTA4NkBmcmEubWUiLCJhdWQiOiJodHRwczovL2ZyYW1lLm51dGFuaXguY29tIiwiYXAiOiJmcmFtZS1wYXNzd29yZCIsImlzcyI6ImltZy1rZHMucHViIiwibG4iOiJUZXN0IiwianRpIjoxNTg1NjA5OSwiZXhwIjoxODc3OTM3MDMxLCJuYmYiOjE1NjI1NzcwMzEsImZuIjoiRnJhbWUiLCJzdWIiOiI1NDQ5MWMyMy1kM2Y3LTQ2NzMtOWViMy1hZmJhMGM3MWRlYjUifQ.4THdzJwaAGroAByLvBZ2IwVGMePGt884T8l45stoZV82c7yFbLoa5K2ZFj-HDFJCxe8nFfXVaeehucqUzc1IhA
87,Loginvsi87,Password!,FRAME-8A575176,testframe087@fra.me,eyJhbGciOiJFUzI1NiIsInR5cCI6IkpXVCJ9.eyJlbSI6ImRybXBlcmYtdnNpLXRlc3RmcmFtZTA4N0BmcmEubWUiLCJhdWQiOiJodHRwczovL2ZyYW1lLm51dGFuaXguY29tIiwiYXAiOiJmcmFtZS1wYXNzd29yZCIsImlzcyI6ImltZy1rZHMucHViIiwibG4iOiJUZXN0IiwianRpIjoxNTg1NjEwMSwiZXhwIjoxODc3OTM3MDMzLCJuYmYiOjE1NjI1NzcwMzMsImZuIjoiRnJhbWUiLCJzdWIiOiJkZjlmODkzNi0xNGUxLTQ3ZTMtODU3MC0yYmUxOTQ2M2Y2NTYifQ.M3-L5lbo4ke2PgpjT6f7dxT3WNKNxIafPMXIYkjj7pFCdhy-RjLV2r-EQ1l2LY0E64WqYoeyzpxHo8stjiA4OQ
88,Loginvsi88,Password!,FRAME-184F9673,testframe088@fra.me,eyJhbGciOiJFUzI1NiIsInR5cCI6IkpXVCJ9.eyJlbSI6ImRybXBlcmYtdnNpLXRlc3RmcmFtZTA4OEBmcmEubWUiLCJhdWQiOiJodHRwczovL2ZyYW1lLm51dGFuaXguY29tIiwiYXAiOiJmcmFtZS1wYXNzd29yZCIsImlzcyI6ImltZy1rZHMucHViIiwibG4iOiJUZXN0IiwianRpIjoxNTg1NjEwMiwiZXhwIjoxODc3OTM3MDM0LCJuYmYiOjE1NjI1NzcwMzQsImZuIjoiRnJhbWUiLCJzdWIiOiI0MTFkZTQwMS0yMDFlLTRhYjUtOGRkNy1iNjBlNDVhNjUwOTYifQ.V8-ngxlnSU-TjpI3-v4n131KC3zQx-VNWX6OzMgfUUfivqpE_hpwjvKxVc7vXOVdIKFNL6FDp3yuNZecTqCfrA
89,Loginvsi89,Password!,FRAME-7C3C7074,testframe089@fra.me,eyJhbGciOiJFUzI1NiIsInR5cCI6IkpXVCJ9.eyJlbSI6ImRybXBlcmYtdnNpLXRlc3RmcmFtZTA4OUBmcmEubWUiLCJhdWQiOiJodHRwczovL2ZyYW1lLm51dGFuaXguY29tIiwiYXAiOiJmcmFtZS1wYXNzd29yZCIsImlzcyI6ImltZy1rZHMucHViIiwibG4iOiJUZXN0IiwianRpIjoxNTg1NjEwMywiZXhwIjoxODc3OTM3MDM2LCJuYmYiOjE1NjI1NzcwMzYsImZuIjoiRnJhbWUiLCJzdWIiOiJkNjdlODZkOS01MWU2LTQzNTQtYjMyMS03NWZkZmQ4NGY3MzYifQ.xBW1ol8nEQe5GNevmmwA1Ch_569tmcav51cEoY92pXpVU-qNfeaTocy7GgogN61sYfN3bLjv6910XtfXbf8l0Q
90,Loginvsi90,Password!,FRAME-F64178FB,testframe090@fra.me,eyJhbGciOiJFUzI1NiIsInR5cCI6IkpXVCJ9.eyJlbSI6ImRybXBlcmYtdnNpLXRlc3RmcmFtZTA5MEBmcmEubWUiLCJhdWQiOiJodHRwczovL2ZyYW1lLm51dGFuaXguY29tIiwiYXAiOiJmcmFtZS1wYXNzd29yZCIsImlzcyI6ImltZy1rZHMucHViIiwibG4iOiJUZXN0IiwianRpIjoxNTg1NjEwNCwiZXhwIjoxODc3OTM3MDM3LCJuYmYiOjE1NjI1NzcwMzcsImZuIjoiRnJhbWUiLCJzdWIiOiI4ZGMwYWZiZi1jMDE2LTRjNzgtYWViMC0yM2U3ZGM5NzczNzUifQ.QEGNVZnA4MeiytOaEzdYnlhYdcbswkL1BKZ19jA-bFJItG0JZfcynlhhwc8USLFwdyWLiXTWnr82LiclR0LR_A
91,Loginvsi91,Password!,IF-8DFF419A,testframe091@fra.me,eyJhbGciOiJFUzI1NiIsInR5cCI6IkpXVCJ9.eyJlbSI6ImRybXBlcmYtdnNpLXRlc3RmcmFtZTA5MUBmcmEubWUiLCJhdWQiOiJodHRwczovL2ZyYW1lLm51dGFuaXguY29tIiwiYXAiOiJmcmFtZS1wYXNzd29yZCIsImlzcyI6ImltZy1rZHMucHViIiwibG4iOiJUZXN0IiwianRpIjoxNTg1NjEwNSwiZXhwIjoxODc3OTM3MDM5LCJuYmYiOjE1NjI1NzcwMzksImZuIjoiRnJhbWUiLCJzdWIiOiI0NGQ2YjhhOC0yMTk2LTQ1M2EtYWU1Yy1hYWQwN2NjYzEzOTUifQ.X0xk7TP8Ti214g8DTtPKKMFP_HntQIF0o8ILrPQixJn8iNJVx3zmT-7rkSxvKto-mb3My13w91UzRz3sd3TpQQ
92,Loginvsi92,Password!,FRAME-62AD25A9,testframe092@fra.me,eyJhbGciOiJFUzI1NiIsInR5cCI6IkpXVCJ9.eyJlbSI6ImRybXBlcmYtdnNpLXRlc3RmcmFtZTA5MkBmcmEubWUiLCJhdWQiOiJodHRwczovL2ZyYW1lLm51dGFuaXguY29tIiwiYXAiOiJmcmFtZS1wYXNzd29yZCIsImlzcyI6ImltZy1rZHMucHViIiwibG4iOiJUZXN0IiwianRpIjoxNTg1NjEwNiwiZXhwIjoxODc3OTM3MDQwLCJuYmYiOjE1NjI1NzcwNDAsImZuIjoiRnJhbWUiLCJzdWIiOiI5NWI3ZmMwMy03ZDVmLTQ1ZDAtYTgzYS1iN2ZmOGVkZGMyZjkifQ.8DFORpXqyxqzvdVOcQdajKAeebQZQLnjm3RqF19ksZTj2Jq2YoLur6k2fvuG9fc9vJqWUmFe5zpQVL0NGQk09w
93,Loginvsi93,Password!,FRAME-CA507598,testframe093@fra.me,eyJhbGciOiJFUzI1NiIsInR5cCI6IkpXVCJ9.eyJlbSI6ImRybXBlcmYtdnNpLXRlc3RmcmFtZTA5M0BmcmEubWUiLCJhdWQiOiJodHRwczovL2ZyYW1lLm51dGFuaXguY29tIiwiYXAiOiJmcmFtZS1wYXNzd29yZCIsImlzcyI6ImltZy1rZHMucHViIiwibG4iOiJUZXN0IiwianRpIjoxNTg1NjEwNywiZXhwIjoxODc3OTM3MDQyLCJuYmYiOjE1NjI1NzcwNDIsImZuIjoiRnJhbWUiLCJzdWIiOiI0ZGEzMGYxYS1hZjcxLTQ1ZjgtYjlmMy00MjNhODI1YzQwYzUifQ.aK4W477ulyHeM1izZReHK4ADZzlhKp_4_2t6XkX7GmCEWyoihwSpJ8yBaL_NeTp9a9DBPeR6afbSQUGDGNmvHw
94,Loginvsi94,Password!,FRAME-EA93C962,testframe094@fra.me,eyJhbGciOiJFUzI1NiIsInR5cCI6IkpXVCJ9.eyJlbSI6ImRybXBlcmYtdnNpLXRlc3RmcmFtZTA5NEBmcmEubWUiLCJhdWQiOiJodHRwczovL2ZyYW1lLm51dGFuaXguY29tIiwiYXAiOiJmcmFtZS1wYXNzd29yZCIsImlzcyI6ImltZy1rZHMucHViIiwibG4iOiJUZXN0IiwianRpIjoxNTg1NjEwOCwiZXhwIjoxODc3OTM3MDQzLCJuYmYiOjE1NjI1NzcwNDMsImZuIjoiRnJhbWUiLCJzdWIiOiJlMGQ5NTZmZC0yNjJjLTQwMTctOTAzOC03YzBjOWJlZDc3ZjMifQ.z6Tellcar4dQ0w2sCkgIeX1ZiCDHZ-mpkJrPctT1u-2lp4tc3twN0S9BctiQpMaHu-F_7DbyE7-3D4mpUUOVJA
95,Loginvsi95,Password!,FRAME-7F7FAA03,testframe095@fra.me,eyJhbGciOiJFUzI1NiIsInR5cCI6IkpXVCJ9.eyJlbSI6ImRybXBlcmYtdnNpLXRlc3RmcmFtZTA5NUBmcmEubWUiLCJhdWQiOiJodHRwczovL2ZyYW1lLm51dGFuaXguY29tIiwiYXAiOiJmcmFtZS1wYXNzd29yZCIsImlzcyI6ImltZy1rZHMucHViIiwibG4iOiJUZXN0IiwianRpIjoxNTg1NjEwOSwiZXhwIjoxODc3OTM3MDQ1LCJuYmYiOjE1NjI1NzcwNDUsImZuIjoiRnJhbWUiLCJzdWIiOiJjZWFkYjAxYi01YmEyLTQxYzMtODIxZi1kOWJhNmNkMTc1NjMifQ.F8cFu9XcxK39MbjvVFHsHw9WgHnr1NYREr0we9zCNtyqEMof6YXndSDzIh2kND3xsE_vzWly72fqqycq5CMpFw
96,Loginvsi96,Password!,FRAME-2F25F426,testframe096@fra.me,eyJhbGciOiJFUzI1NiIsInR5cCI6IkpXVCJ9.eyJlbSI6ImRybXBlcmYtdnNpLXRlc3RmcmFtZTA5NkBmcmEubWUiLCJhdWQiOiJodHRwczovL2ZyYW1lLm51dGFuaXguY29tIiwiYXAiOiJmcmFtZS1wYXNzd29yZCIsImlzcyI6ImltZy1rZHMucHViIiwibG4iOiJUZXN0IiwianRpIjoxNTg1NjExMCwiZXhwIjoxODc3OTM3MDQ3LCJuYmYiOjE1NjI1NzcwNDcsImZuIjoiRnJhbWUiLCJzdWIiOiIyZWZkMzk5OS0wZDZjLTQ0ZjEtYmNjMi0yNjA3MGJiN2JmYWQifQ.tlUTpZS42hcoIiNGU6nzYXcdk-72XuLzQVyr3cHbT4WtvaxkmVZ_T7XtBE74WsdQLtfaGNBVxPX3Dv6iOdr2xA
97,Loginvsi97,Password!,FRAME-5A3BDFC6,testframe097@fra.me,eyJhbGciOiJFUzI1NiIsInR5cCI6IkpXVCJ9.eyJlbSI6ImRybXBlcmYtdnNpLXRlc3RmcmFtZTA5N0BmcmEubWUiLCJhdWQiOiJodHRwczovL2ZyYW1lLm51dGFuaXguY29tIiwiYXAiOiJmcmFtZS1wYXNzd29yZCIsImlzcyI6ImltZy1rZHMucHViIiwibG4iOiJUZXN0IiwianRpIjoxNTg1NjExMSwiZXhwIjoxODc3OTM3MDQ4LCJuYmYiOjE1NjI1NzcwNDgsImZuIjoiRnJhbWUiLCJzdWIiOiI1MGI1MmI1MC00N2IyLTQxNmMtOTBmNy01ZTNlZThhYzExMjYifQ.vCIFOqvlJsodgQFPiXQcvT8WLKccjaQP0EqRzjHBL-8ywh7u5pkLfsvK26xbEYsx-O3si78IdOQ9p3zmqG7gEw
98,Loginvsi98,Password!,FRAME-E9ADB003,testframe098@fra.me,eyJhbGciOiJFUzI1NiIsInR5cCI6IkpXVCJ9.eyJlbSI6ImRybXBlcmYtdnNpLXRlc3RmcmFtZTA5OEBmcmEubWUiLCJhdWQiOiJodHRwczovL2ZyYW1lLm51dGFuaXguY29tIiwiYXAiOiJmcmFtZS1wYXNzd29yZCIsImlzcyI6ImltZy1rZHMucHViIiwibG4iOiJUZXN0IiwianRpIjoxNTg1NjExMiwiZXhwIjoxODc3OTM3MDUwLCJuYmYiOjE1NjI1NzcwNTAsImZuIjoiRnJhbWUiLCJzdWIiOiI3OTdjMTE5Ni1iNGVjLTRiYjEtOWUyZi0yMzUxYTFmMWE5NmQifQ.PVJwZp1qEiTaM3K8Stpr0_r4jztEuKNd_KThcbQbZbH-aaizLyXO_pMYOcM7BiuFaW316E5MtvGDjHh-KuNPzQ
99,Loginvsi99,Password!,FRAME-46A58405,testframe099@fra.me,eyJhbGciOiJFUzI1NiIsInR5cCI6IkpXVCJ9.eyJlbSI6ImRybXBlcmYtdnNpLXRlc3RmcmFtZTA5OUBmcmEubWUiLCJhdWQiOiJodHRwczovL2ZyYW1lLm51dGFuaXguY29tIiwiYXAiOiJmcmFtZS1wYXNzd29yZCIsImlzcyI6ImltZy1rZHMucHViIiwibG4iOiJUZXN0IiwianRpIjoxNTg1NjExMywiZXhwIjoxODc3OTM3MDUxLCJuYmYiOjE1NjI1NzcwNTEsImZuIjoiRnJhbWUiLCJzdWIiOiJkZmI5ZGZmOS02ODE0LTRjMzctOGI5OS03YzZhZTFiNTE3Y2QifQ.3K2Svu5bv_9dE-L7mWituE9zmtq-T-NFwAPd9-3DRhXMnJ5vJm_pms1by09Nx61njcsyeayN0bSvYagQEnB_Zg
100,Loginvsi100,Password!,FRAME-7AF363BD,testframe100@fra.me,eyJhbGciOiJFUzI1NiIsInR5cCI6IkpXVCJ9.eyJlbSI6ImRybXBlcmYtdnNpLXRlc3RmcmFtZTEwMEBmcmEubWUiLCJhdWQiOiJodHRwczovL2ZyYW1lLm51dGFuaXguY29tIiwiYXAiOiJmcmFtZS1wYXNzd29yZCIsImlzcyI6ImltZy1rZHMucHViIiwibG4iOiJUZXN0IiwianRpIjoxNTg1NjExNCwiZXhwIjoxODc3OTM3MDUzLCJuYmYiOjE1NjI1NzcwNTMsImZuIjoiRnJhbWUiLCJzdWIiOiI1OTI2ZjgwYy0xNWI4LTQxOTMtYjE4NS1jZThjYjMyN2RhNGMifQ.9H_VGPoosw3ToX5EoXH3KMnl7e65-0NptzeTqfq1WF_Y3EBDXSE5EBsivDyIJBMOVUN6X6VJ9ywwpyYNH8P7Uw
101,Loginvsi101,Password!,FRAME-6CEEFEB7,testframe101@fra.me,eyJhbGciOiJFUzI1NiIsInR5cCI6IkpXVCJ9.eyJlbSI6ImRybXBlcmYtdnNpLXRlc3RmcmFtZTEwMUBmcmEubWUiLCJhdWQiOiJodHRwczovL2ZyYW1lLm51dGFuaXguY29tIiwiYXAiOiJmcmFtZS1wYXNzd29yZCIsImlzcyI6ImltZy1rZHMucHViIiwibG4iOiJUZXN0IiwianRpIjoxNTg1NjExNSwiZXhwIjoxODc3OTM3MDU0LCJuYmYiOjE1NjI1NzcwNTQsImZuIjoiRnJhbWUiLCJzdWIiOiI3YzYxZTFlYS01ZDc2LTQwMWQtOWM5NS05ZmJjYTNkM2ZkMjEifQ.E2F6ORlUYlV2YbxiG0LYm9XSrAAFwtViWQUfUa600JL-dEbwSWT-uk2iN-_9r-MMoMk9IA8GjlgwyNsr_COEKA
102,Loginvsi102,Password!,FRAME-AAB14925,testframe102@fra.me,eyJhbGciOiJFUzI1NiIsInR5cCI6IkpXVCJ9.eyJlbSI6ImRybXBlcmYtdnNpLXRlc3RmcmFtZTEwMkBmcmEubWUiLCJhdWQiOiJodHRwczovL2ZyYW1lLm51dGFuaXguY29tIiwiYXAiOiJmcmFtZS1wYXNzd29yZCIsImlzcyI6ImltZy1rZHMucHViIiwibG4iOiJUZXN0IiwianRpIjoxNTg1NjExNiwiZXhwIjoxODc3OTM3MDU2LCJuYmYiOjE1NjI1NzcwNTYsImZuIjoiRnJhbWUiLCJzdWIiOiI3MzgzMTEyMS01YTM3LTQ3ZGYtYmIwNS05OGY5MTA3YjdiNTEifQ.4vtEZM8r_JrIAcGD16dclBq9TiWPryUFAAZ-cua-Rm3Uc5GRcENLr19OFJva0yERbrgZQz44HDdLzzWzJGHl-Q
103,Loginvsi103,Password!,FRAME-E082D8CB,testframe103@fra.me,eyJhbGciOiJFUzI1NiIsInR5cCI6IkpXVCJ9.eyJlbSI6ImRybXBlcmYtdnNpLXRlc3RmcmFtZTEwM0BmcmEubWUiLCJhdWQiOiJodHRwczovL2ZyYW1lLm51dGFuaXguY29tIiwiYXAiOiJmcmFtZS1wYXNzd29yZCIsImlzcyI6ImltZy1rZHMucHViIiwibG4iOiJUZXN0IiwianRpIjoxNTg1NjExNywiZXhwIjoxODc3OTM3MDU3LCJuYmYiOjE1NjI1NzcwNTcsImZuIjoiRnJhbWUiLCJzdWIiOiI2ZTQ4N2U3Mi02ZWMxLTQ2OWUtYjBlNi01MTM2MmNhMDUxODcifQ.4GmUzzBkiq31Lvv3pSxVjKowaPWuh9ut2fntKH9jXdt6RXLZdxQJgak2-q41IZuYl9IpTOymuSqC1_mU3hs8Ew
104,Loginvsi104,Password!,FRAME-1BF54AD9,testframe104@fra.me,eyJhbGciOiJFUzI1NiIsInR5cCI6IkpXVCJ9.eyJlbSI6ImRybXBlcmYtdnNpLXRlc3RmcmFtZTEwNEBmcmEubWUiLCJhdWQiOiJodHRwczovL2ZyYW1lLm51dGFuaXguY29tIiwiYXAiOiJmcmFtZS1wYXNzd29yZCIsImlzcyI6ImltZy1rZHMucHViIiwibG4iOiJUZXN0IiwianRpIjoxNTg1NjExOCwiZXhwIjoxODc3OTM3MDU5LCJuYmYiOjE1NjI1NzcwNTksImZuIjoiRnJhbWUiLCJzdWIiOiIwMzc4YjQyOS1kYWY5LTQzOGItYWFkOC1iOTcyMDJiNGFiZmIifQ.8scMaB5neqfXEuDEyWgql9OhyvhWnEGMOaNjKWiMeATIWVVVngDdNLl1CSr4v0fKF5tn-oGZe74jL9bKRHvYfg
105,Loginvsi105,Password!,FRAME-D03D0AFB,testframe105@fra.me,eyJhbGciOiJFUzI1NiIsInR5cCI6IkpXVCJ9.eyJlbSI6ImRybXBlcmYtdnNpLXRlc3RmcmFtZTEwNUBmcmEubWUiLCJhdWQiOiJodHRwczovL2ZyYW1lLm51dGFuaXguY29tIiwiYXAiOiJmcmFtZS1wYXNzd29yZCIsImlzcyI6ImltZy1rZHMucHViIiwibG4iOiJUZXN0IiwianRpIjoxNTg1NjExOSwiZXhwIjoxODc3OTM3MDYxLCJuYmYiOjE1NjI1NzcwNjEsImZuIjoiRnJhbWUiLCJzdWIiOiIzYWFkYjg3OC0wMzE5LTRkMTktYTcwYi1mYWQyZmNmNzNiOTIifQ.psR7Etijqo3zluJe0GFuGq_Jre8MdftDMiQ1XodpaDTCtr_FCBU890zEE8tnbUs1a4BvQIHX5eu4msO8buGEaA
106,Loginvsi106,Password!,FRAME-BE4E21CB,testframe106@fra.me,eyJhbGciOiJFUzI1NiIsInR5cCI6IkpXVCJ9.eyJlbSI6ImRybXBlcmYtdnNpLXRlc3RmcmFtZTEwNkBmcmEubWUiLCJhdWQiOiJodHRwczovL2ZyYW1lLm51dGFuaXguY29tIiwiYXAiOiJmcmFtZS1wYXNzd29yZCIsImlzcyI6ImltZy1rZHMucHViIiwibG4iOiJUZXN0IiwianRpIjoxNTg1NjEyMCwiZXhwIjoxODc3OTM3MDYyLCJuYmYiOjE1NjI1NzcwNjIsImZuIjoiRnJhbWUiLCJzdWIiOiJmOTAzMWJhZi04MGUyLTRmOTAtYjYxNy1jMTEzNzE5ZjFjNjEifQ.7KyzPoqmA_EBoa7D47Jc0hXK62rg65KQMLTGlUlMOsRkfmjFi_eWvvwk1BxT-LOtmqdd-E0o6aRfaZgf2ViS0g
107,Loginvsi107,Password!,FRAME-90923803,testframe107@fra.me,eyJhbGciOiJFUzI1NiIsInR5cCI6IkpXVCJ9.eyJlbSI6ImRybXBlcmYtdnNpLXRlc3RmcmFtZTEwN0BmcmEubWUiLCJhdWQiOiJodHRwczovL2ZyYW1lLm51dGFuaXguY29tIiwiYXAiOiJmcmFtZS1wYXNzd29yZCIsImlzcyI6ImltZy1rZHMucHViIiwibG4iOiJUZXN0IiwianRpIjoxNTg1NjEyMSwiZXhwIjoxODc3OTM3MDY0LCJuYmYiOjE1NjI1NzcwNjQsImZuIjoiRnJhbWUiLCJzdWIiOiJkNWExY2E4My01YjcwLTRiZDgtOTNjMy1iZTNhYWY5ZTYwMjEifQ.xwtNqPvAsTs1Yy-ggZuuaZl50ozZ3xxGuMyI7TTgqUeB19ngzgv5Q_Pc2eud9qXKnZ2ZWMduc8fYKQfiGAoXNA
108,Loginvsi108,Password!,IF-8D9E6C6A,testframe108@fra.me,eyJhbGciOiJFUzI1NiIsInR5cCI6IkpXVCJ9.eyJlbSI6ImRybXBlcmYtdnNpLXRlc3RmcmFtZTEwOEBmcmEubWUiLCJhdWQiOiJodHRwczovL2ZyYW1lLm51dGFuaXguY29tIiwiYXAiOiJmcmFtZS1wYXNzd29yZCIsImlzcyI6ImltZy1rZHMucHViIiwibG4iOiJUZXN0IiwianRpIjoxNTg1NjEyMiwiZXhwIjoxODc3OTM3MDY1LCJuYmYiOjE1NjI1NzcwNjUsImZuIjoiRnJhbWUiLCJzdWIiOiI1ZGMzMzYwNy1kYzY5LTQyYTEtOTEyYi03NmM0YzM3NmJjODEifQ.bKafdaOEUS6MNTGbuKej2oQ-mPRB4w8wvtJHYR0WaWIED_gMyvmo20OMjcEV4e3sNekDdoaSBoTdW7gAsC5ODg
109,Loginvsi109,Password!,FRAME-8264631D,testframe109@fra.me,eyJhbGciOiJFUzI1NiIsInR5cCI6IkpXVCJ9.eyJlbSI6ImRybXBlcmYtdnNpLXRlc3RmcmFtZTEwOUBmcmEubWUiLCJhdWQiOiJodHRwczovL2ZyYW1lLm51dGFuaXguY29tIiwiYXAiOiJmcmFtZS1wYXNzd29yZCIsImlzcyI6ImltZy1rZHMucHViIiwibG4iOiJUZXN0IiwianRpIjoxNTg1NjEyMywiZXhwIjoxODc3OTM3MDY3LCJuYmYiOjE1NjI1NzcwNjcsImZuIjoiRnJhbWUiLCJzdWIiOiI4ZWY5Y2Q2YS0xMDk5LTQ0MDItOTAyNy0yOGM4MjA5MjQyZTgifQ.k2LZ9mzDhoRhNccbtU_2ls1keWp8jfd9iZletg7A3PElL9iwQZd1SyKfYECf-KiWNDgsP8cO9NAv3z9ptFbQYA
110,Loginvsi110,Password!,FRAME-B8F7B304,testframe110@fra.me,eyJhbGciOiJFUzI1NiIsInR5cCI6IkpXVCJ9.eyJlbSI6ImRybXBlcmYtdnNpLXRlc3RmcmFtZTExMEBmcmEubWUiLCJhdWQiOiJodHRwczovL2ZyYW1lLm51dGFuaXguY29tIiwiYXAiOiJmcmFtZS1wYXNzd29yZCIsImlzcyI6ImltZy1rZHMucHViIiwibG4iOiJUZXN0IiwianRpIjoxNTg1NjEyNCwiZXhwIjoxODc3OTM3MDY4LCJuYmYiOjE1NjI1NzcwNjgsImZuIjoiRnJhbWUiLCJzdWIiOiI1MzljZDE3Ni1iOTVmLTQ3YmUtYTU3ZC1lMzc1N2UwMzg0Y2MifQ.AmLABeNjDu5yV7DmuulhQdyvnYk7enljLa87NbnHTIJh3mow4nVwC9r8k1tbezMKmAnVPoPmKjfDUabTQETtXw
111,Loginvsi111,Password!,FRAME-3104A7C0,testframe111@fra.me,eyJhbGciOiJFUzI1NiIsInR5cCI6IkpXVCJ9.eyJlbSI6ImRybXBlcmYtdnNpLXRlc3RmcmFtZTExMUBmcmEubWUiLCJhdWQiOiJodHRwczovL2ZyYW1lLm51dGFuaXguY29tIiwiYXAiOiJmcmFtZS1wYXNzd29yZCIsImlzcyI6ImltZy1rZHMucHViIiwibG4iOiJUZXN0IiwianRpIjoxNTg1NjEyNSwiZXhwIjoxODc3OTM3MDcwLCJuYmYiOjE1NjI1NzcwNzAsImZuIjoiRnJhbWUiLCJzdWIiOiI2MTcyYzQwOC0xNTRhLTQ2NTgtODg1NC1jMzUxZDczOTFiNzAifQ.kv7kPzaSWAr7-xMtLDj53GEylPDWqoQpfaO5kI9TocWeeMzy_8PVwm15DsuO52Et-XlR26L89nXSLAWykVZRMQ
112,Loginvsi112,Password!,FRAME-A5B439C3,testframe112@fra.me,eyJhbGciOiJFUzI1NiIsInR5cCI6IkpXVCJ9.eyJlbSI6ImRybXBlcmYtdnNpLXRlc3RmcmFtZTExMkBmcmEubWUiLCJhdWQiOiJodHRwczovL2ZyYW1lLm51dGFuaXguY29tIiwiYXAiOiJmcmFtZS1wYXNzd29yZCIsImlzcyI6ImltZy1rZHMucHViIiwibG4iOiJUZXN0IiwianRpIjoxNTg1NjEyNiwiZXhwIjoxODc3OTM3MDcxLCJuYmYiOjE1NjI1NzcwNzEsImZuIjoiRnJhbWUiLCJzdWIiOiI2ZjVhYTQ2YS01OTA1LTQ0NmQtYmUzMC0xNWVmMjY2ZDhiYjkifQ.aLEEL3o48HKKcycHLIs8BTOo7a3c7dkzttfQ_uVNIki-ffNQFzW2nlG5jiPF9fxrRlH3IOEEMmbKz7o9Ui8mAA
113,Loginvsi113,Password!,IF-8D7D6F41,testframe113@fra.me,eyJhbGciOiJFUzI1NiIsInR5cCI6IkpXVCJ9.eyJlbSI6ImRybXBlcmYtdnNpLXRlc3RmcmFtZTExM0BmcmEubWUiLCJhdWQiOiJodHRwczovL2ZyYW1lLm51dGFuaXguY29tIiwiYXAiOiJmcmFtZS1wYXNzd29yZCIsImlzcyI6ImltZy1rZHMucHViIiwibG4iOiJUZXN0IiwianRpIjoxNTg1NjEyNywiZXhwIjoxODc3OTM3MDczLCJuYmYiOjE1NjI1NzcwNzMsImZuIjoiRnJhbWUiLCJzdWIiOiJlNzg4ZGVjZC00NzExLTQxZWItYTk5My0yMjliMGQwMmVhMDQifQ.xay_9gtINrPjROQaiLPXCET6-8En2-thFW7xCkTd5hJKBA2y2K_HY0tn9rTqjnYnW6i73psU3Eto9BtJz-Jn-g
114,Loginvsi114,Password!,FRAME-DFAC76D0,testframe114@fra.me,eyJhbGciOiJFUzI1NiIsInR5cCI6IkpXVCJ9.eyJlbSI6ImRybXBlcmYtdnNpLXRlc3RmcmFtZTExNEBmcmEubWUiLCJhdWQiOiJodHRwczovL2ZyYW1lLm51dGFuaXguY29tIiwiYXAiOiJmcmFtZS1wYXNzd29yZCIsImlzcyI6ImltZy1rZHMucHViIiwibG4iOiJUZXN0IiwianRpIjoxNTg1NjEyOCwiZXhwIjoxODc3OTM3MDc0LCJuYmYiOjE1NjI1NzcwNzQsImZuIjoiRnJhbWUiLCJzdWIiOiJhMTQzOTUxOC0wM2VlLTQ0ZWQtOTM1Zi1mNjRmOTgzOWU1ZWQifQ.2O3Clan6SedIRSwqxpTq2t3cCoNv1NR6h_0ukGIvU3QXYpEqw_1FL5kJ6PPXtf_IJBeHEXPprfaUMWZHk3WRxw
115,Loginvsi115,Password!,FRAME-9CF5EB9D,testframe115@fra.me,eyJhbGciOiJFUzI1NiIsInR5cCI6IkpXVCJ9.eyJlbSI6ImRybXBlcmYtdnNpLXRlc3RmcmFtZTExNUBmcmEubWUiLCJhdWQiOiJodHRwczovL2ZyYW1lLm51dGFuaXguY29tIiwiYXAiOiJmcmFtZS1wYXNzd29yZCIsImlzcyI6ImltZy1rZHMucHViIiwibG4iOiJUZXN0IiwianRpIjoxNTg1NjEyOSwiZXhwIjoxODc3OTM3MDc2LCJuYmYiOjE1NjI1NzcwNzYsImZuIjoiRnJhbWUiLCJzdWIiOiIwYzUzZmVmYy1mNjhiLTRkNDQtYWIzOC00ZDA0M2JiMjIzMzYifQ.cQ-kb_11kIP_OiaNAlAl92oWH4k1MrjV6X3GcZHAhOAlHdTla5DTIou7uBwukpISzGlHe3h6NUBcmBRxlx-xvQ
116,Loginvsi116,Password!,IF-8D75F3C9,testframe116@fra.me,eyJhbGciOiJFUzI1NiIsInR5cCI6IkpXVCJ9.eyJlbSI6ImRybXBlcmYtdnNpLXRlc3RmcmFtZTExNkBmcmEubWUiLCJhdWQiOiJodHRwczovL2ZyYW1lLm51dGFuaXguY29tIiwiYXAiOiJmcmFtZS1wYXNzd29yZCIsImlzcyI6ImltZy1rZHMucHViIiwibG4iOiJUZXN0IiwianRpIjoxNTg1NjEzMCwiZXhwIjoxODc3OTM3MDc3LCJuYmYiOjE1NjI1NzcwNzcsImZuIjoiRnJhbWUiLCJzdWIiOiI1MDE0ODVkMi1mODJjLTRmNmEtYWRkMy05ZjY0ZWIzMTUwZTgifQ.OxzGzL--1AT1nS9Lwxn2EZfKc9dwLPqFZqmcXHhkS2Z9614nz1UGYa1YsSzMayu7hEmJoMXEjoRwbgVVBIfpsA
117,Loginvsi117,Password!,FRAME-173AE187,testframe117@fra.me,eyJhbGciOiJFUzI1NiIsInR5cCI6IkpXVCJ9.eyJlbSI6ImRybXBlcmYtdnNpLXRlc3RmcmFtZTExN0BmcmEubWUiLCJhdWQiOiJodHRwczovL2ZyYW1lLm51dGFuaXguY29tIiwiYXAiOiJmcmFtZS1wYXNzd29yZCIsImlzcyI6ImltZy1rZHMucHViIiwibG4iOiJUZXN0IiwianRpIjoxNTg1NjEzMSwiZXhwIjoxODc3OTM3MDc5LCJuYmYiOjE1NjI1NzcwNzksImZuIjoiRnJhbWUiLCJzdWIiOiJhNmRkYTg5NC02YTNiLTQ2YjMtYmY2NS1mOWExN2MzN2RiNzgifQ.xpb0IwiV_Q5-9e2fs6mPN3f-DG3Cy8gfecZR3-eiysmzLy5-dIfK42MKoeoj5bheMh1FsybxifUwkyN4IGps_g
118,Loginvsi118,Password!,FRAME-ED12E977,testframe118@fra.me,eyJhbGciOiJFUzI1NiIsInR5cCI6IkpXVCJ9.eyJlbSI6ImRybXBlcmYtdnNpLXRlc3RmcmFtZTExOEBmcmEubWUiLCJhdWQiOiJodHRwczovL2ZyYW1lLm51dGFuaXguY29tIiwiYXAiOiJmcmFtZS1wYXNzd29yZCIsImlzcyI6ImltZy1rZHMucHViIiwibG4iOiJUZXN0IiwianRpIjoxNTg1NjEzMiwiZXhwIjoxODc3OTM3MDgwLCJuYmYiOjE1NjI1NzcwODAsImZuIjoiRnJhbWUiLCJzdWIiOiI2Y2RiMzlkMS0xMWE1LTQ2OTgtOWE2Ny1kNWFmMGNjMzUyNTQifQ.l38DMO3hPYBZLqIzoSdX7pgfMjnXPW-T-n55vVFwb6zVBa31OASgED1ukknri5XVxcysW6qiRo2mdu0_ZEtbYQ
119,Loginvsi119,Password!,FRAME-139B7322,testframe119@fra.me,eyJhbGciOiJFUzI1NiIsInR5cCI6IkpXVCJ9.eyJlbSI6ImRybXBlcmYtdnNpLXRlc3RmcmFtZTExOUBmcmEubWUiLCJhdWQiOiJodHRwczovL2ZyYW1lLm51dGFuaXguY29tIiwiYXAiOiJmcmFtZS1wYXNzd29yZCIsImlzcyI6ImltZy1rZHMucHViIiwibG4iOiJUZXN0IiwianRpIjoxNTg1NjEzMywiZXhwIjoxODc3OTM3MDgyLCJuYmYiOjE1NjI1NzcwODIsImZuIjoiRnJhbWUiLCJzdWIiOiJjOTE5ZWZmMC05ZjY4LTRlNzUtODZjMi1hODU1MTM3Yzc1ZTQifQ.rH7f3Iywx5YOfLCKpY6EiH-2-2_MLuE5macudj93OycBAOsHrU0fCJjXunjm5JbdTSpJclM5Jjw5tQS20AtQ2Q
120,Loginvsi120,Password!,FRAME-82A689C4,testframe120@fra.me,eyJhbGciOiJFUzI1NiIsInR5cCI6IkpXVCJ9.eyJlbSI6ImRybXBlcmYtdnNpLXRlc3RmcmFtZTEyMEBmcmEubWUiLCJhdWQiOiJodHRwczovL2ZyYW1lLm51dGFuaXguY29tIiwiYXAiOiJmcmFtZS1wYXNzd29yZCIsImlzcyI6ImltZy1rZHMucHViIiwibG4iOiJUZXN0IiwianRpIjoxNTg1NjEzNCwiZXhwIjoxODc3OTM3MDg0LCJuYmYiOjE1NjI1NzcwODQsImZuIjoiRnJhbWUiLCJzdWIiOiJlMTViNDU4MC1hYjhiLTRjN2ItODRjNy1hYjExMTQ4ZmY1ZGQifQ.m6o1VjRXaFEHyb_zNsl_kwTu58jSPnWF5rAWL8ZGrYi1LXjfmCfxmPsRRwJqRGoDE9KjF5qvrXL5W2Sr2axioA
121,Loginvsi121,Password!,FRAME-476E3DBC,testframe121@fra.me,eyJhbGciOiJFUzI1NiIsInR5cCI6IkpXVCJ9.eyJlbSI6ImRybXBlcmYtdnNpLXRlc3RmcmFtZTEyMUBmcmEubWUiLCJhdWQiOiJodHRwczovL2ZyYW1lLm51dGFuaXguY29tIiwiYXAiOiJmcmFtZS1wYXNzd29yZCIsImlzcyI6ImltZy1rZHMucHViIiwibG4iOiJUZXN0IiwianRpIjoxNTg1NjEzNSwiZXhwIjoxODc3OTM3MDg1LCJuYmYiOjE1NjI1NzcwODUsImZuIjoiRnJhbWUiLCJzdWIiOiJjY2VkMzc0Zi0wNTZiLTQ4MjctOTkxYy04NzhjYjEzNmY0MGIifQ.NzUURF2masjXd_cNJveKCDh4YDYCaloXlq9aiahG8A2Z63XWnhvEwveZZfCfmpjOOlM12qz7cwn3SD51YWiSug
122,Loginvsi122,Password!,FRAME-17691AD1,testframe122@fra.me,eyJhbGciOiJFUzI1NiIsInR5cCI6IkpXVCJ9.eyJlbSI6ImRybXBlcmYtdnNpLXRlc3RmcmFtZTEyMkBmcmEubWUiLCJhdWQiOiJodHRwczovL2ZyYW1lLm51dGFuaXguY29tIiwiYXAiOiJmcmFtZS1wYXNzd29yZCIsImlzcyI6ImltZy1rZHMucHViIiwibG4iOiJUZXN0IiwianRpIjoxNTg1NjEzNiwiZXhwIjoxODc3OTM3MDg3LCJuYmYiOjE1NjI1NzcwODcsImZuIjoiRnJhbWUiLCJzdWIiOiIwMjdjNjhmMi1jODA2LTRjMTUtYWQzOC02Zjg0OTBmNTE3ZjEifQ.t-ouzBQFMKcL-k7xFB8rL9dPyP2eLN95rmb16v6rET-ndaXeS3-zIIAu9mldJGieDDtG9yh-XKO8YqcZ9xjY6Q
123,Loginvsi123,Password!,IF-8D1B8966,testframe123@fra.me,eyJhbGciOiJFUzI1NiIsInR5cCI6IkpXVCJ9.eyJlbSI6ImRybXBlcmYtdnNpLXRlc3RmcmFtZTEyM0BmcmEubWUiLCJhdWQiOiJodHRwczovL2ZyYW1lLm51dGFuaXguY29tIiwiYXAiOiJmcmFtZS1wYXNzd29yZCIsImlzcyI6ImltZy1rZHMucHViIiwibG4iOiJUZXN0IiwianRpIjoxNTg1NjEzNywiZXhwIjoxODc3OTM3MDg4LCJuYmYiOjE1NjI1NzcwODgsImZuIjoiRnJhbWUiLCJzdWIiOiJlOTUyNDE4Yy0zNWI4LTRlNTUtOGE4MC03ZjVjZjYxMDkzMWYifQ.RKudLKcxlMcocGkUP5Ow4EVlT5-KSp37UvH30u_O2FIanl3xety2csEEeG2jI8B7M13kMVwEPa2_1JS1PKmhRw
124,Loginvsi124,Password!,FRAME-BA048F1A,testframe124@fra.me,eyJhbGciOiJFUzI1NiIsInR5cCI6IkpXVCJ9.eyJlbSI6ImRybXBlcmYtdnNpLXRlc3RmcmFtZTEyNEBmcmEubWUiLCJhdWQiOiJodHRwczovL2ZyYW1lLm51dGFuaXguY29tIiwiYXAiOiJmcmFtZS1wYXNzd29yZCIsImlzcyI6ImltZy1rZHMucHViIiwibG4iOiJUZXN0IiwianRpIjoxNTg1NjEzOCwiZXhwIjoxODc3OTM3MDkwLCJuYmYiOjE1NjI1NzcwOTAsImZuIjoiRnJhbWUiLCJzdWIiOiI2MGE2NmNhMi1jMGRkLTRjYzgtOTA4OS1mOTc0Y2Y2ZGJmYWYifQ.020yPRle-sJUyUGFb9zviAmDtXimu40E_QILauZHTBs7O-_XWKSC3rbKBuKowzhGcr6nRyXO5d9aYzrN5WmyaQ
125,Loginvsi125,Password!,FRAME-6B9862ED,testframe125@fra.me,eyJhbGciOiJFUzI1NiIsInR5cCI6IkpXVCJ9.eyJlbSI6ImRybXBlcmYtdnNpLXRlc3RmcmFtZTEyNUBmcmEubWUiLCJhdWQiOiJodHRwczovL2ZyYW1lLm51dGFuaXguY29tIiwiYXAiOiJmcmFtZS1wYXNzd29yZCIsImlzcyI6ImltZy1rZHMucHViIiwibG4iOiJUZXN0IiwianRpIjoxNTg1NjEzOSwiZXhwIjoxODc3OTM3MDkxLCJuYmYiOjE1NjI1NzcwOTEsImZuIjoiRnJhbWUiLCJzdWIiOiI5Njg2ZWM4My1jM2FmLTRjZjYtOGRmNi1lODg3OTU5Njk5Y2MifQ.75IshNLjHUYmSB7ilsGGFYceN-5rIO49Jf6rrnDfByRwO9dTfOUxWrNoUZZ-w3IllL_cLQwco_Bx9XKP7Jn7FA
126,Loginvsi126,Password!,FRAME-B9CFD05C,testframe126@fra.me,eyJhbGciOiJFUzI1NiIsInR5cCI6IkpXVCJ9.eyJlbSI6ImRybXBlcmYtdnNpLXRlc3RmcmFtZTEyNkBmcmEubWUiLCJhdWQiOiJodHRwczovL2ZyYW1lLm51dGFuaXguY29tIiwiYXAiOiJmcmFtZS1wYXNzd29yZCIsImlzcyI6ImltZy1rZHMucHViIiwibG4iOiJUZXN0IiwianRpIjoxNTg1NjE0MCwiZXhwIjoxODc3OTM3MDkzLCJuYmYiOjE1NjI1NzcwOTMsImZuIjoiRnJhbWUiLCJzdWIiOiIzYzY3MGVkZC1lNjdjLTQ4NDItYjA1Ni0yYTI2MmRkYmI3YjcifQ.4UKjpnClomqWT33I8Cae9R7QvMpt9OSrIirVeGNKlyLoMDR2tW4LPzvHMG2D6W181q_L2eXd5lobwPRcNAzoUg
127,Loginvsi127,Password!,FRAME-F881EB6D,testframe127@fra.me,eyJhbGciOiJFUzI1NiIsInR5cCI6IkpXVCJ9.eyJlbSI6ImRybXBlcmYtdnNpLXRlc3RmcmFtZTEyN0BmcmEubWUiLCJhdWQiOiJodHRwczovL2ZyYW1lLm51dGFuaXguY29tIiwiYXAiOiJmcmFtZS1wYXNzd29yZCIsImlzcyI6ImltZy1rZHMucHViIiwibG4iOiJUZXN0IiwianRpIjoxNTg1NjE0MSwiZXhwIjoxODc3OTM3MDk0LCJuYmYiOjE1NjI1NzcwOTQsImZuIjoiRnJhbWUiLCJzdWIiOiI2NTI2Zjk0NC1iYzZlLTRjNGMtOGM5My00MjAxYmY5Y2U3MTQifQ.lFi4eFQBGzfGikdccnMhwza5QLUBrUtCMvXpprlts1uRAAmfE6i0wUVlj96s44fsQESI1bE4V38b3XxUh4KKzg
128,Loginvsi128,Password!,IF-8DDC905F,testframe128@fra.me,eyJhbGciOiJFUzI1NiIsInR5cCI6IkpXVCJ9.eyJlbSI6ImRybXBlcmYtdnNpLXRlc3RmcmFtZTEyOEBmcmEubWUiLCJhdWQiOiJodHRwczovL2ZyYW1lLm51dGFuaXguY29tIiwiYXAiOiJmcmFtZS1wYXNzd29yZCIsImlzcyI6ImltZy1rZHMucHViIiwibG4iOiJUZXN0IiwianRpIjoxNTg1NjE0MiwiZXhwIjoxODc3OTM3MDk2LCJuYmYiOjE1NjI1NzcwOTYsImZuIjoiRnJhbWUiLCJzdWIiOiI1MjViM2E5YS0wOGFiLTQzMTItYWFjNi0yMDhkYzZlODE1ODgifQ.p55DcAK6vtmuPKit5LY4iFh2XnHJNcy6dWi98-n0EC7lP3IeKn4cHwi2jVh7pvk6KDoUX3Yl47CduS4dxKH_KQ
129,Loginvsi129,Password!,IF-8DA0D0C8,testframe129@fra.me,eyJhbGciOiJFUzI1NiIsInR5cCI6IkpXVCJ9.eyJlbSI6ImRybXBlcmYtdnNpLXRlc3RmcmFtZTEyOUBmcmEubWUiLCJhdWQiOiJodHRwczovL2ZyYW1lLm51dGFuaXguY29tIiwiYXAiOiJmcmFtZS1wYXNzd29yZCIsImlzcyI6ImltZy1rZHMucHViIiwibG4iOiJUZXN0IiwianRpIjoxNTg1NjE0MywiZXhwIjoxODc3OTM3MDk3LCJuYmYiOjE1NjI1NzcwOTcsImZuIjoiRnJhbWUiLCJzdWIiOiI0ZjRlNjI5NC00YjlhLTQ4OGEtOWYwMC1lNzM3NDQzZTFlZjEifQ.i26kxqz_CbxWRlVPbOfxxTUwxMdYxfX0Pw-lwWHKwOVXyJOJPIXqNtPd98QlR-pNuUm5BtuYfHZ6LVsfpfmhHg
130,Loginvsi130,Password!,IF-8DC2FBDA,testframe130@fra.me,eyJhbGciOiJFUzI1NiIsInR5cCI6IkpXVCJ9.eyJlbSI6ImRybXBlcmYtdnNpLXRlc3RmcmFtZTEzMEBmcmEubWUiLCJhdWQiOiJodHRwczovL2ZyYW1lLm51dGFuaXguY29tIiwiYXAiOiJmcmFtZS1wYXNzd29yZCIsImlzcyI6ImltZy1rZHMucHViIiwibG4iOiJUZXN0IiwianRpIjoxNTg1NjE0NCwiZXhwIjoxODc3OTM3MDk5LCJuYmYiOjE1NjI1NzcwOTksImZuIjoiRnJhbWUiLCJzdWIiOiJhYmYzNGNmOS1hNDM2LTQwZDEtOGM5NS0wMDZlNzE2ZDA2MzMifQ.yyidCgt-P7OKX-LtNKNUe7IGuSeJ61C2-cfWtgGwt-p185w2_yzYOEFPEaoPVLQF7IBQTMcVGBXmB2N5BXS-Vg
131,Loginvsi131,Password!,FRAME-2FD52058,testframe131@fra.me,eyJhbGciOiJFUzI1NiIsInR5cCI6IkpXVCJ9.eyJlbSI6ImRybXBlcmYtdnNpLXRlc3RmcmFtZTEzMUBmcmEubWUiLCJhdWQiOiJodHRwczovL2ZyYW1lLm51dGFuaXguY29tIiwiYXAiOiJmcmFtZS1wYXNzd29yZCIsImlzcyI6ImltZy1rZHMucHViIiwibG4iOiJUZXN0IiwianRpIjoxNTg1NjE0NSwiZXhwIjoxODc3OTM3MTAwLCJuYmYiOjE1NjI1NzcxMDAsImZuIjoiRnJhbWUiLCJzdWIiOiJhZjdkNWE4OS04YjZmLTRkYTctYWQzNy1mNzNiMzExNDhlMzAifQ.7ZGI0bgPJUeaDd7M-cyT84u_vzvmuKnUm9milPzVSN-7Uji0T5AGhTg3C3LqAzYUT0N1KSPi8v6xcVnNo6eFEA
132,Loginvsi132,Password!,FRAME-878D96E2,testframe132@fra.me,eyJhbGciOiJFUzI1NiIsInR5cCI6IkpXVCJ9.eyJlbSI6ImRybXBlcmYtdnNpLXRlc3RmcmFtZTEzMkBmcmEubWUiLCJhdWQiOiJodHRwczovL2ZyYW1lLm51dGFuaXguY29tIiwiYXAiOiJmcmFtZS1wYXNzd29yZCIsImlzcyI6ImltZy1rZHMucHViIiwibG4iOiJUZXN0IiwianRpIjoxNTg1NjE0NiwiZXhwIjoxODc3OTM3MTAyLCJuYmYiOjE1NjI1NzcxMDIsImZuIjoiRnJhbWUiLCJzdWIiOiJiOWExZWQ0NS1kYWFjLTQ5OWItOTJiYi1kYWQ1ODRhMGVhZjAifQ.CFhw3ooh3yEjOfPyczB9qf5SGK3ClaiL9jekm5krJ83Ed1T-WOG_d6vL76YCBql6WLMT9tcaTA_TqhUsfAQHKw
133,Loginvsi133,Password!,FRAME-A9C44996,testframe133@fra.me,eyJhbGciOiJFUzI1NiIsInR5cCI6IkpXVCJ9.eyJlbSI6ImRybXBlcmYtdnNpLXRlc3RmcmFtZTEzM0BmcmEubWUiLCJhdWQiOiJodHRwczovL2ZyYW1lLm51dGFuaXguY29tIiwiYXAiOiJmcmFtZS1wYXNzd29yZCIsImlzcyI6ImltZy1rZHMucHViIiwibG4iOiJUZXN0IiwianRpIjoxNTg1NjE0NywiZXhwIjoxODc3OTM3MTAzLCJuYmYiOjE1NjI1NzcxMDMsImZuIjoiRnJhbWUiLCJzdWIiOiI0MTc0YmI4ZS0xNmQ4LTRlZDYtYmQyMy02ZmE1MDQ5NWZjYTcifQ.5vaq5H1e7i-5awGJXjyiDrKyowQ7kqMYGWRBH7kxTopCTFwvNo2iLnGrzFlUeJShKevw6sNZNN7KiRCCATqR_g
134,Loginvsi134,Password!,IF-8D54DD5F,testframe134@fra.me,eyJhbGciOiJFUzI1NiIsInR5cCI6IkpXVCJ9.eyJlbSI6ImRybXBlcmYtdnNpLXRlc3RmcmFtZTEzNEBmcmEubWUiLCJhdWQiOiJodHRwczovL2ZyYW1lLm51dGFuaXguY29tIiwiYXAiOiJmcmFtZS1wYXNzd29yZCIsImlzcyI6ImltZy1rZHMucHViIiwibG4iOiJUZXN0IiwianRpIjoxNTg1NjE0OCwiZXhwIjoxODc3OTM3MTA1LCJuYmYiOjE1NjI1NzcxMDUsImZuIjoiRnJhbWUiLCJzdWIiOiJlZmI2MTE1NS04ODc2LTQwZDktOWM2My0yNDE0ODA3ZTAzNDUifQ.ObX9OPtPVr_Fn_W-8FDb3KszIR0o2ykBNCA7ADhOOkibNJe9ZLKWhShiSgy7Vu3nVDeTZZ1d6SJ_vY1qCuKUEg
135,Loginvsi135,Password!,FRAME-9CADC303,testframe135@fra.me,eyJhbGciOiJFUzI1NiIsInR5cCI6IkpXVCJ9.eyJlbSI6ImRybXBlcmYtdnNpLXRlc3RmcmFtZTEzNUBmcmEubWUiLCJhdWQiOiJodHRwczovL2ZyYW1lLm51dGFuaXguY29tIiwiYXAiOiJmcmFtZS1wYXNzd29yZCIsImlzcyI6ImltZy1rZHMucHViIiwibG4iOiJUZXN0IiwianRpIjoxNTg1NjE0OSwiZXhwIjoxODc3OTM3MTA2LCJuYmYiOjE1NjI1NzcxMDYsImZuIjoiRnJhbWUiLCJzdWIiOiJlZTIwYjM3Ni00ODZmLTRhYWEtYTFkZi03MGJhZDk1ODM1MmQifQ.TCrWkoOh5XIpIHYpU0EDgB_dkuw7FaJFbvSk00jlmbTlLPWL13vjdN8_XV2FfRT7K9A401aOFfFM80-bNoZ19g
136,Loginvsi136,Password!,FRAME-6BF148FF,testframe136@fra.me,eyJhbGciOiJFUzI1NiIsInR5cCI6IkpXVCJ9.eyJlbSI6ImRybXBlcmYtdnNpLXRlc3RmcmFtZTEzNkBmcmEubWUiLCJhdWQiOiJodHRwczovL2ZyYW1lLm51dGFuaXguY29tIiwiYXAiOiJmcmFtZS1wYXNzd29yZCIsImlzcyI6ImltZy1rZHMucHViIiwibG4iOiJUZXN0IiwianRpIjoxNTg1NjE1MCwiZXhwIjoxODc3OTM3MTA4LCJuYmYiOjE1NjI1NzcxMDgsImZuIjoiRnJhbWUiLCJzdWIiOiIxNTg4MmVkYS0xMTg5LTRmZGYtOTg5Ni03MmQzMzQ0ZGZmNDYifQ.SVgfh3lknYaUJgsq4Z0L-y8EmC3-WL4H4bpcwRsLFT3aKHCpvjqkBkS2NfEwbUBJAxpF7zz-x-M3PbokiTkg4Q
137,Loginvsi137,Password!,FRAME-BDB7F4BF,testframe137@fra.me,eyJhbGciOiJFUzI1NiIsInR5cCI6IkpXVCJ9.eyJlbSI6ImRybXBlcmYtdnNpLXRlc3RmcmFtZTEzN0BmcmEubWUiLCJhdWQiOiJodHRwczovL2ZyYW1lLm51dGFuaXguY29tIiwiYXAiOiJmcmFtZS1wYXNzd29yZCIsImlzcyI6ImltZy1rZHMucHViIiwibG4iOiJUZXN0IiwianRpIjoxNTg1NjE1MSwiZXhwIjoxODc3OTM3MTEwLCJuYmYiOjE1NjI1NzcxMTAsImZuIjoiRnJhbWUiLCJzdWIiOiJiYjAzNmQyMy04MmNmLTQ4NGEtYjc1Yy1kZDUzNGNkZTAwOTcifQ.pVTu7Zqfzf_zT9HUj6SLYaErqcpcjNtCMLorcgvdBAyUrYvRqXmFnAP2h7TFKdBMEDn3MAsueR1eCak9uc8xxQ
138,Loginvsi138,Password!,FRAME-E9E7801A,testframe138@fra.me,eyJhbGciOiJFUzI1NiIsInR5cCI6IkpXVCJ9.eyJlbSI6ImRybXBlcmYtdnNpLXRlc3RmcmFtZTEzOEBmcmEubWUiLCJhdWQiOiJodHRwczovL2ZyYW1lLm51dGFuaXguY29tIiwiYXAiOiJmcmFtZS1wYXNzd29yZCIsImlzcyI6ImltZy1rZHMucHViIiwibG4iOiJUZXN0IiwianRpIjoxNTg1NjE1MiwiZXhwIjoxODc3OTM3MTExLCJuYmYiOjE1NjI1NzcxMTEsImZuIjoiRnJhbWUiLCJzdWIiOiIxMjU3OTc5Zi03ZThiLTQ0OTctYTQ4ZC03NjQ0MTIxZGZhZTYifQ.h632fTOttrDY5JMNUJGng6YTnOFJM-smlk74J4r1YK8akqvJQwAzEeaOVWLiPWaiepmOfJYjRKa7GvkINUgBkQ
139,Loginvsi139,Password!,IF-8D07300A,testframe139@fra.me,eyJhbGciOiJFUzI1NiIsInR5cCI6IkpXVCJ9.eyJlbSI6ImRybXBlcmYtdnNpLXRlc3RmcmFtZTEzOUBmcmEubWUiLCJhdWQiOiJodHRwczovL2ZyYW1lLm51dGFuaXguY29tIiwiYXAiOiJmcmFtZS1wYXNzd29yZCIsImlzcyI6ImltZy1rZHMucHViIiwibG4iOiJUZXN0IiwianRpIjoxNTg1NjE1MywiZXhwIjoxODc3OTM3MTEzLCJuYmYiOjE1NjI1NzcxMTMsImZuIjoiRnJhbWUiLCJzdWIiOiIzMGI2MWNhYS1lZjNmLTRlMDgtOWMzNi01ZDNkODgxMjQyZTQifQ.dA6RL-zC6SmLsszvgkrcvks-NhOb5ou_Krqh5GBAuKd2sqGg4Ljr77puVwnPo_J8YDViESElgQVknHyesB_ukg
140,Loginvsi140,Password!,FRAME-379C084C,testframe140@fra.me,eyJhbGciOiJFUzI1NiIsInR5cCI6IkpXVCJ9.eyJlbSI6ImRybXBlcmYtdnNpLXRlc3RmcmFtZTE0MEBmcmEubWUiLCJhdWQiOiJodHRwczovL2ZyYW1lLm51dGFuaXguY29tIiwiYXAiOiJmcmFtZS1wYXNzd29yZCIsImlzcyI6ImltZy1rZHMucHViIiwibG4iOiJUZXN0IiwianRpIjoxNTg1NjE1NCwiZXhwIjoxODc3OTM3MTE0LCJuYmYiOjE1NjI1NzcxMTQsImZuIjoiRnJhbWUiLCJzdWIiOiI1OTRiNWY1YS0yZjg4LTQyZmEtYTMwOS03Y2RiNmQxMmRlMjkifQ.uXgRna8bQO5054YO03xENF1d3EG6LwE6fZaSz-eC26BlqQ-3JZkF3an4go1hrSowTRZRmDTAEc7x-9dJGoySHA
141,Loginvsi141,Password!,FRAME-D435784C,testframe141@fra.me,eyJhbGciOiJFUzI1NiIsInR5cCI6IkpXVCJ9.eyJlbSI6ImRybXBlcmYtdnNpLXRlc3RmcmFtZTE0MUBmcmEubWUiLCJhdWQiOiJodHRwczovL2ZyYW1lLm51dGFuaXguY29tIiwiYXAiOiJmcmFtZS1wYXNzd29yZCIsImlzcyI6ImltZy1rZHMucHViIiwibG4iOiJUZXN0IiwianRpIjoxNTg1NjE1NSwiZXhwIjoxODc3OTM3MTE2LCJuYmYiOjE1NjI1NzcxMTYsImZuIjoiRnJhbWUiLCJzdWIiOiI5OTk1NGQwMy00ZmI3LTRkOTAtYjIwOC0wMDk5MGU1ODZmNmUifQ.uPL6YrprON1ZlNWluenzVLz3EXaz8y6TEimqF5EYNesAdesdys91nCzttXDbyMZs6EfVHImGUV95Fd6mD-uB1A
142,Loginvsi142,Password!,IF-8DA25290,testframe142@fra.me,eyJhbGciOiJFUzI1NiIsInR5cCI6IkpXVCJ9.eyJlbSI6ImRybXBlcmYtdnNpLXRlc3RmcmFtZTE0MkBmcmEubWUiLCJhdWQiOiJodHRwczovL2ZyYW1lLm51dGFuaXguY29tIiwiYXAiOiJmcmFtZS1wYXNzd29yZCIsImlzcyI6ImltZy1rZHMucHViIiwibG4iOiJUZXN0IiwianRpIjoxNTg1NjE1NiwiZXhwIjoxODc3OTM3MTE3LCJuYmYiOjE1NjI1NzcxMTcsImZuIjoiRnJhbWUiLCJzdWIiOiJhMGRmOTk0NS1kZDZlLTQ0MDQtYjBiNy03YTA4ZGRhMTc3NWEifQ.vN9hjx7SYtPaVR2vpG5WG3s0Tg0xi7hIUH6dIwvIxOYRl322jGZg1SXai556i6kjdOO3vqRSv5s9bpiyxG0oEQ
143,Loginvsi143,Password!,FRAME-95E010D5,testframe143@fra.me,eyJhbGciOiJFUzI1NiIsInR5cCI6IkpXVCJ9.eyJlbSI6ImRybXBlcmYtdnNpLXRlc3RmcmFtZTE0M0BmcmEubWUiLCJhdWQiOiJodHRwczovL2ZyYW1lLm51dGFuaXguY29tIiwiYXAiOiJmcmFtZS1wYXNzd29yZCIsImlzcyI6ImltZy1rZHMucHViIiwibG4iOiJUZXN0IiwianRpIjoxNTg1NjE1NywiZXhwIjoxODc3OTM3MTE5LCJuYmYiOjE1NjI1NzcxMTksImZuIjoiRnJhbWUiLCJzdWIiOiI1YTFjODFhMy03ZWUxLTQ5OWUtOWIzYy0zZWE5ZWM3NTk3ZDUifQ.lc1hiycfEueQ1jA7cIJ7-20y8xSnxdfKxN2kDVXPDRHFZqAGFdjjKK3f1NYKfpV93IjNhJcIQGAd2dEBEAV0fA
144,Loginvsi144,Password!,IF-8D572B54,testframe144@fra.me,eyJhbGciOiJFUzI1NiIsInR5cCI6IkpXVCJ9.eyJlbSI6ImRybXBlcmYtdnNpLXRlc3RmcmFtZTE0NEBmcmEubWUiLCJhdWQiOiJodHRwczovL2ZyYW1lLm51dGFuaXguY29tIiwiYXAiOiJmcmFtZS1wYXNzd29yZCIsImlzcyI6ImltZy1rZHMucHViIiwibG4iOiJUZXN0IiwianRpIjoxNTg1NjE1OCwiZXhwIjoxODc3OTM3MTIwLCJuYmYiOjE1NjI1NzcxMjAsImZuIjoiRnJhbWUiLCJzdWIiOiI5NGYwNjA2OC1mM2MzLTQyZDktYTgzNy1iYTJjODcxODBiMzkifQ.DjSXHtL65EDNtniHzxh1tj0RNx7A7yh7ZGfpZF3q2KrBeE_OptBjpvSLiEAAvboq1LG0HFDRvHZ9woClXr6ZYQ
145,Loginvsi145,Password!,FRAME-CEFECB89,testframe145@fra.me,eyJhbGciOiJFUzI1NiIsInR5cCI6IkpXVCJ9.eyJlbSI6ImRybXBlcmYtdnNpLXRlc3RmcmFtZTE0NUBmcmEubWUiLCJhdWQiOiJodHRwczovL2ZyYW1lLm51dGFuaXguY29tIiwiYXAiOiJmcmFtZS1wYXNzd29yZCIsImlzcyI6ImltZy1rZHMucHViIiwibG4iOiJUZXN0IiwianRpIjoxNTg1NjE1OSwiZXhwIjoxODc3OTM3MTIyLCJuYmYiOjE1NjI1NzcxMjIsImZuIjoiRnJhbWUiLCJzdWIiOiI1NDVlM2MxNi1lMjZkLTQ2YTAtYjZkOC01YTFhNzA3OTMzNGUifQ._2TUx_xAK6puWdls4E-e17-v_43V7tto4W7l_fYMmNZuJsrw8_hTyZNQYSR78c5mcCH-nHOjEKr2FP2BgAhaVQ
146,Loginvsi146,Password!,IF-8DFDE8E7,testframe146@fra.me,eyJhbGciOiJFUzI1NiIsInR5cCI6IkpXVCJ9.eyJlbSI6ImRybXBlcmYtdnNpLXRlc3RmcmFtZTE0NkBmcmEubWUiLCJhdWQiOiJodHRwczovL2ZyYW1lLm51dGFuaXguY29tIiwiYXAiOiJmcmFtZS1wYXNzd29yZCIsImlzcyI6ImltZy1rZHMucHViIiwibG4iOiJUZXN0IiwianRpIjoxNTg1NjE2MCwiZXhwIjoxODc3OTM3MTIzLCJuYmYiOjE1NjI1NzcxMjMsImZuIjoiRnJhbWUiLCJzdWIiOiI3M2Q0ZTY3Zi1lYmZmLTQxNDYtOGU2NC04YjI2YjQ3YTYwYzUifQ.vcVtyVmQT0P2doQ6-KZ_1k99P8UCtC5QfHB4hAvFlJmc_Id3rqsWog53-oLXiaYYNnKYdReaysRMAlMxZAiQAw
147,Loginvsi147,Password!,FRAME-E17AB5EB,testframe147@fra.me,eyJhbGciOiJFUzI1NiIsInR5cCI6IkpXVCJ9.eyJlbSI6ImRybXBlcmYtdnNpLXRlc3RmcmFtZTE0N0BmcmEubWUiLCJhdWQiOiJodHRwczovL2ZyYW1lLm51dGFuaXguY29tIiwiYXAiOiJmcmFtZS1wYXNzd29yZCIsImlzcyI6ImltZy1rZHMucHViIiwibG4iOiJUZXN0IiwianRpIjoxNTg1NjE2MSwiZXhwIjoxODc3OTM3MTI1LCJuYmYiOjE1NjI1NzcxMjUsImZuIjoiRnJhbWUiLCJzdWIiOiIxZTY3MTMzMy01YjIzLTRkY2QtOWI1NC1hNzFjM2Q3ODU4ZjkifQ.wmjS6YBossTMev2_k-cyB0uQ8POwyQ9PvXB3EdhCZ3xjUmyLW0UnhrnfZCinX7471updvfoz80l0tBUH1b0nLg
148,Loginvsi148,Password!,IF-8D3C886A,testframe148@fra.me,eyJhbGciOiJFUzI1NiIsInR5cCI6IkpXVCJ9.eyJlbSI6ImRybXBlcmYtdnNpLXRlc3RmcmFtZTE0OEBmcmEubWUiLCJhdWQiOiJodHRwczovL2ZyYW1lLm51dGFuaXguY29tIiwiYXAiOiJmcmFtZS1wYXNzd29yZCIsImlzcyI6ImltZy1rZHMucHViIiwibG4iOiJUZXN0IiwianRpIjoxNTg1NjE2MiwiZXhwIjoxODc3OTM3MTI2LCJuYmYiOjE1NjI1NzcxMjYsImZuIjoiRnJhbWUiLCJzdWIiOiI0OTYzNmE4Mi04MjAzLTQyMDYtODQ2MS0wYTc3OGIyMmRhMGEifQ.sBExcVZYv7U4FWiXpvsw8X1ifenUt51ewupN0aFo1_obZ55g9bq6SBAeEPVXhNJMqlPrZ4dauHQTmDSPlJcNMQ
149,Loginvsi149,Password!,FRAME-93095106,testframe149@fra.me,eyJhbGciOiJFUzI1NiIsInR5cCI6IkpXVCJ9.eyJlbSI6ImRybXBlcmYtdnNpLXRlc3RmcmFtZTE0OUBmcmEubWUiLCJhdWQiOiJodHRwczovL2ZyYW1lLm51dGFuaXguY29tIiwiYXAiOiJmcmFtZS1wYXNzd29yZCIsImlzcyI6ImltZy1rZHMucHViIiwibG4iOiJUZXN0IiwianRpIjoxNTg1NjE2MywiZXhwIjoxODc3OTM3MTI4LCJuYmYiOjE1NjI1NzcxMjgsImZuIjoiRnJhbWUiLCJzdWIiOiI1YjEwOGEzNi1kMzgxLTRlOGMtYTY1Yy1hMTFmMmZjODQ5ZWQifQ.2v4JZWVz14TUQ6S8ApoNGnRbE6zm9c5-_jRC3Rw17TIo8i5yJfVEg_4upyTu4CsMPWKbDU-r1edHwmZPAFY9xQ
150,Loginvsi150,Password!,FRAME-E38BB707,testframe150@fra.me,eyJhbGciOiJFUzI1NiIsInR5cCI6IkpXVCJ9.eyJlbSI6ImRybXBlcmYtdnNpLXRlc3RmcmFtZTE1MEBmcmEubWUiLCJhdWQiOiJodHRwczovL2ZyYW1lLm51dGFuaXguY29tIiwiYXAiOiJmcmFtZS1wYXNzd29yZCIsImlzcyI6ImltZy1rZHMucHViIiwibG4iOiJUZXN0IiwianRpIjoxNTg1NjE2NCwiZXhwIjoxODc3OTM3MTI5LCJuYmYiOjE1NjI1NzcxMjksImZuIjoiRnJhbWUiLCJzdWIiOiJlZGE1NDI3Ni1kMGJjLTQ0YTItYmE3Yy0xOWRiM2NjMjdjZTEifQ.lE9kx_NMWRAI1M_pADn7D2vbrxNIhh7KTLfbn-PXgd1T25OiO46hhmPk4RZKIkNu6Pw_ntaEADCGk4mYNGhYyA
151,Loginvsi151,Password!,IF-8DF385C7,testframe151@fra.me,eyJhbGciOiJFUzI1NiIsInR5cCI6IkpXVCJ9.eyJlbSI6ImRybXBlcmYtdnNpLXRlc3RmcmFtZTE1MUBmcmEubWUiLCJhdWQiOiJodHRwczovL2ZyYW1lLm51dGFuaXguY29tIiwiYXAiOiJmcmFtZS1wYXNzd29yZCIsImlzcyI6ImltZy1rZHMucHViIiwibG4iOiJUZXN0IiwianRpIjoxNTg1NjE2NSwiZXhwIjoxODc3OTM3MTMxLCJuYmYiOjE1NjI1NzcxMzEsImZuIjoiRnJhbWUiLCJzdWIiOiI0NzZlYmEzNi0zYjA4LTQwNzMtOTI1MS1lNmUyZmEzZWRiMjcifQ.uHFCSvX4k4XOMk9kbu52zO7fW68l-Rr9dVWN7WvjY4L8M1GB-zFnK5gMdih937czq_rugJH9eauSZa-rJCjveQ
152,Loginvsi152,Password!,FRAME-3BA6A95A,testframe152@fra.me,eyJhbGciOiJFUzI1NiIsInR5cCI6IkpXVCJ9.eyJlbSI6ImRybXBlcmYtdnNpLXRlc3RmcmFtZTE1MkBmcmEubWUiLCJhdWQiOiJodHRwczovL2ZyYW1lLm51dGFuaXguY29tIiwiYXAiOiJmcmFtZS1wYXNzd29yZCIsImlzcyI6ImltZy1rZHMucHViIiwibG4iOiJUZXN0IiwianRpIjoxNTg1NjE2NiwiZXhwIjoxODc3OTM3MTMyLCJuYmYiOjE1NjI1NzcxMzIsImZuIjoiRnJhbWUiLCJzdWIiOiJmYzg0YWI3OC0zNDkyLTRhOWUtYmFiZC1hNWZmM2U2OWZjMmMifQ.k1Bxbo07R9GjUUZ-f4RACbVBBWdPL83Mq60SU1tThv3NodLL0XMlrqvqpTsq2aVye5PTCsY0brU2a5FTHGFovQ
153,Loginvsi153,Password!,FRAME-048D7519,testframe153@fra.me,eyJhbGciOiJFUzI1NiIsInR5cCI6IkpXVCJ9.eyJlbSI6ImRybXBlcmYtdnNpLXRlc3RmcmFtZTE1M0BmcmEubWUiLCJhdWQiOiJodHRwczovL2ZyYW1lLm51dGFuaXguY29tIiwiYXAiOiJmcmFtZS1wYXNzd29yZCIsImlzcyI6ImltZy1rZHMucHViIiwibG4iOiJUZXN0IiwianRpIjoxNTg1NjE2NywiZXhwIjoxODc3OTM3MTM0LCJuYmYiOjE1NjI1NzcxMzQsImZuIjoiRnJhbWUiLCJzdWIiOiJkYWNiYjZiMy03OTA1LTQyNmQtOGFhZC01MjVmODU3ZTc4NzgifQ.lJBgmFoQg9xHNQfeXjfzrFvFj8cdg0VVQLUaNbG5LpBQo15-8S9gMbCPjHoCZWNuchRM-Vi2EFLiWh6bElH-gA
154,Loginvsi154,Password!,FRAME-7F638985,testframe154@fra.me,eyJhbGciOiJFUzI1NiIsInR5cCI6IkpXVCJ9.eyJlbSI6ImRybXBlcmYtdnNpLXRlc3RmcmFtZTE1NEBmcmEubWUiLCJhdWQiOiJodHRwczovL2ZyYW1lLm51dGFuaXguY29tIiwiYXAiOiJmcmFtZS1wYXNzd29yZCIsImlzcyI6ImltZy1rZHMucHViIiwibG4iOiJUZXN0IiwianRpIjoxNTg1NjE2OCwiZXhwIjoxODc3OTM3MTM2LCJuYmYiOjE1NjI1NzcxMzYsImZuIjoiRnJhbWUiLCJzdWIiOiJkNWE1NzMyYS01NTBhLTQzZmUtODYzZi1kMDk1YzIzYmM3ODkifQ.3etiJSW9G50skQXoZKxLnEf9DG1Y_T6VumL5ec-tVtCclN6R7DaQeZ4T6dixtlDad9lsaovjBt2thvbnqo9AvQ
155,Loginvsi155,Password!,FRAME-4BD5F467,testframe155@fra.me,eyJhbGciOiJFUzI1NiIsInR5cCI6IkpXVCJ9.eyJlbSI6ImRybXBlcmYtdnNpLXRlc3RmcmFtZTE1NUBmcmEubWUiLCJhdWQiOiJodHRwczovL2ZyYW1lLm51dGFuaXguY29tIiwiYXAiOiJmcmFtZS1wYXNzd29yZCIsImlzcyI6ImltZy1rZHMucHViIiwibG4iOiJUZXN0IiwianRpIjoxNTg1NjE2OSwiZXhwIjoxODc3OTM3MTM3LCJuYmYiOjE1NjI1NzcxMzcsImZuIjoiRnJhbWUiLCJzdWIiOiJlNzMwMDIyZS1lMmFmLTRmNjItYTI4Zi04MmJkOGViMDBjMzcifQ.uKQpdRBFX7HdhsTRK9L6TdLVQMVvR1FrotpWJkrlvaS5HFmjSNBFJt1-SutSzEtdokqyGryxTy3hm2CNP8OOng
156,Loginvsi156,Password!,FRAME-AF766682,testframe156@fra.me,eyJhbGciOiJFUzI1NiIsInR5cCI6IkpXVCJ9.eyJlbSI6ImRybXBlcmYtdnNpLXRlc3RmcmFtZTE1NkBmcmEubWUiLCJhdWQiOiJodHRwczovL2ZyYW1lLm51dGFuaXguY29tIiwiYXAiOiJmcmFtZS1wYXNzd29yZCIsImlzcyI6ImltZy1rZHMucHViIiwibG4iOiJUZXN0IiwianRpIjoxNTg1NjE3MCwiZXhwIjoxODc3OTM3MTM5LCJuYmYiOjE1NjI1NzcxMzksImZuIjoiRnJhbWUiLCJzdWIiOiI5OTBhYTljOC1lYTJhLTRhZjUtYmRlYS01ZDRhMDIwYWQ1NDQifQ.Tt-CGxkbHUaYuxE9edBmELcjTMAwYk_Gw6u7yqWfwUWcYXXPsywG4MDzV94empfL_3sUml53ikAHc6evv9ECAQ
157,Loginvsi157,Password!,FRAME-3F1DD3C2,testframe157@fra.me,eyJhbGciOiJFUzI1NiIsInR5cCI6IkpXVCJ9.eyJlbSI6ImRybXBlcmYtdnNpLXRlc3RmcmFtZTE1N0BmcmEubWUiLCJhdWQiOiJodHRwczovL2ZyYW1lLm51dGFuaXguY29tIiwiYXAiOiJmcmFtZS1wYXNzd29yZCIsImlzcyI6ImltZy1rZHMucHViIiwibG4iOiJUZXN0IiwianRpIjoxNTg1NjE3MSwiZXhwIjoxODc3OTM3MTQwLCJuYmYiOjE1NjI1NzcxNDAsImZuIjoiRnJhbWUiLCJzdWIiOiIyYmI2MGE5Mi00Nzg0LTRhNDctOGE0Ni0zYmJkZjAwYTE1NTcifQ.DzmOzPraXJPtr4lE4bi_b3M5rq6SpQD48cgH-ufHNRGukuUdUhqImnvfIZ3WW6VdZ1DqZwKg6QCFf67mJ8Yxkw
158,Loginvsi158,Password!,FRAME-D49B21FC,testframe158@fra.me,eyJhbGciOiJFUzI1NiIsInR5cCI6IkpXVCJ9.eyJlbSI6ImRybXBlcmYtdnNpLXRlc3RmcmFtZTE1OEBmcmEubWUiLCJhdWQiOiJodHRwczovL2ZyYW1lLm51dGFuaXguY29tIiwiYXAiOiJmcmFtZS1wYXNzd29yZCIsImlzcyI6ImltZy1rZHMucHViIiwibG4iOiJUZXN0IiwianRpIjoxNTg1NjE3MiwiZXhwIjoxODc3OTM3MTQyLCJuYmYiOjE1NjI1NzcxNDIsImZuIjoiRnJhbWUiLCJzdWIiOiI2YmYxMTU1My0xMzE1LTRiNzAtOTk5My0zNTg2Y2Q0ZjUwYmQifQ.Q4wAWCKpE6eAPdVvBrkviQKOre2PyrUbbRo7veIO2MbFa0EaU2j0ryOaNiCsDM-zfcjKsmfzLckZRhTbMqBKCA
159,Loginvsi159,Password!,FRAME-17A9A665,testframe159@fra.me,eyJhbGciOiJFUzI1NiIsInR5cCI6IkpXVCJ9.eyJlbSI6ImRybXBlcmYtdnNpLXRlc3RmcmFtZTE1OUBmcmEubWUiLCJhdWQiOiJodHRwczovL2ZyYW1lLm51dGFuaXguY29tIiwiYXAiOiJmcmFtZS1wYXNzd29yZCIsImlzcyI6ImltZy1rZHMucHViIiwibG4iOiJUZXN0IiwianRpIjoxNTg1NjE3MywiZXhwIjoxODc3OTM3MTQzLCJuYmYiOjE1NjI1NzcxNDMsImZuIjoiRnJhbWUiLCJzdWIiOiI2OGI0NzQzNS04ZmM1LTRhOWEtOTRmMS05MDBiNjQ2OTZmMTAifQ.CE7YY7VgGqF-r6o1L5O3PhDsxKhMzpTQ1_PoWcm6sLe98olTZqyivoXkoyJdWixpLDlWgjhoKHtio8GaJ-5jaw
160,Loginvsi160,Password!,FRAME-9D796FB2,testframe160@fra.me,eyJhbGciOiJFUzI1NiIsInR5cCI6IkpXVCJ9.eyJlbSI6ImRybXBlcmYtdnNpLXRlc3RmcmFtZTE2MEBmcmEubWUiLCJhdWQiOiJodHRwczovL2ZyYW1lLm51dGFuaXguY29tIiwiYXAiOiJmcmFtZS1wYXNzd29yZCIsImlzcyI6ImltZy1rZHMucHViIiwibG4iOiJUZXN0IiwianRpIjoxNTg1NjE3NCwiZXhwIjoxODc3OTM3MTQ1LCJuYmYiOjE1NjI1NzcxNDUsImZuIjoiRnJhbWUiLCJzdWIiOiJiOWQ0YmY5Ny1jODA0LTRmN2UtYWRlMy0wNWYwZmJiOGJmMWMifQ.5Yc5v2jrF-oow14pKqOL9SGWS0NH7DCaAeeSInG2PYb-DZnXF9ckRNBVNGG5SIBRqbaqVC6gK-llUN59_7YWcw
161,Loginvsi161,Password!,FRAME-2B4D5775,testframe161@fra.me,eyJhbGciOiJFUzI1NiIsInR5cCI6IkpXVCJ9.eyJlbSI6ImRybXBlcmYtdnNpLXRlc3RmcmFtZTE2MUBmcmEubWUiLCJhdWQiOiJodHRwczovL2ZyYW1lLm51dGFuaXguY29tIiwiYXAiOiJmcmFtZS1wYXNzd29yZCIsImlzcyI6ImltZy1rZHMucHViIiwibG4iOiJUZXN0IiwianRpIjoxNTg1NjE3NSwiZXhwIjoxODc3OTM3MTQ2LCJuYmYiOjE1NjI1NzcxNDYsImZuIjoiRnJhbWUiLCJzdWIiOiJjNTcxMTM2Ni03NDQ5LTQxNzgtODQ3ZC1mNmI5NmFiYTFiZmQifQ.7RfTf_cvJaHXw_v2f_9Wbzcc9toZKG9M-UMxkSqFSfQtwVwCysli7qoLYUiDqiPCbwROj1PUo9NkaQItcQXMEw
162,Loginvsi162,Password!,FRAME-F1D327C1,testframe162@fra.me,eyJhbGciOiJFUzI1NiIsInR5cCI6IkpXVCJ9.eyJlbSI6ImRybXBlcmYtdnNpLXRlc3RmcmFtZTE2MkBmcmEubWUiLCJhdWQiOiJodHRwczovL2ZyYW1lLm51dGFuaXguY29tIiwiYXAiOiJmcmFtZS1wYXNzd29yZCIsImlzcyI6ImltZy1rZHMucHViIiwibG4iOiJUZXN0IiwianRpIjoxNTg1NjE3NiwiZXhwIjoxODc3OTM3MTQ4LCJuYmYiOjE1NjI1NzcxNDgsImZuIjoiRnJhbWUiLCJzdWIiOiJlMmQzMWVhZS01MGYwLTQzYjUtODA1My05ZmNiYWYzYTI0YWYifQ.tnhD-dAp51AVrGL8f6VExJDtlfjr8sBdaZ0xpoG8r7LITIQUD_ZTm7EmrZ5Yqq160bN2v6mpp-hHrQ5mAJpM_Q
163,Loginvsi163,Password!,FRAME-80FA541D,testframe163@fra.me,eyJhbGciOiJFUzI1NiIsInR5cCI6IkpXVCJ9.eyJlbSI6ImRybXBlcmYtdnNpLXRlc3RmcmFtZTE2M0BmcmEubWUiLCJhdWQiOiJodHRwczovL2ZyYW1lLm51dGFuaXguY29tIiwiYXAiOiJmcmFtZS1wYXNzd29yZCIsImlzcyI6ImltZy1rZHMucHViIiwibG4iOiJUZXN0IiwianRpIjoxNTg1NjE3NywiZXhwIjoxODc3OTM3MTQ5LCJuYmYiOjE1NjI1NzcxNDksImZuIjoiRnJhbWUiLCJzdWIiOiJlZjMyNDczZC1kZWNjLTQwNWEtOTdmNy03ZjNiZDFmM2RlZTEifQ.hcwwR3NR5adVVVeac4H27gVyEuRHlbs7kAy6zmXnPL783y6fEu-lUyzUCxZ-9t1EFccdyHJOvo6_zYDTOKlQRg
164,Loginvsi164,Password!,FRAME-BE28C1E2,testframe164@fra.me,eyJhbGciOiJFUzI1NiIsInR5cCI6IkpXVCJ9.eyJlbSI6ImRybXBlcmYtdnNpLXRlc3RmcmFtZTE2NEBmcmEubWUiLCJhdWQiOiJodHRwczovL2ZyYW1lLm51dGFuaXguY29tIiwiYXAiOiJmcmFtZS1wYXNzd29yZCIsImlzcyI6ImltZy1rZHMucHViIiwibG4iOiJUZXN0IiwianRpIjoxNTg1NjE3OCwiZXhwIjoxODc3OTM3MTUxLCJuYmYiOjE1NjI1NzcxNTEsImZuIjoiRnJhbWUiLCJzdWIiOiI4M2U1OWUzYS0zNzQzLTQ5NWItOTBiNS00MTc4ZGRmYjg3NzIifQ.iD9KbcTYmnO1WhreRJKrsIgQlGXI3-gId-fO9Dg7OOQVyZmHRZk2UtBR1FSlQCTcBaPRcG8YPPqAqiC0ogtaPQ
165,Loginvsi165,Password!,FRAME-3ED05C19,testframe165@fra.me,eyJhbGciOiJFUzI1NiIsInR5cCI6IkpXVCJ9.eyJlbSI6ImRybXBlcmYtdnNpLXRlc3RmcmFtZTE2NUBmcmEubWUiLCJhdWQiOiJodHRwczovL2ZyYW1lLm51dGFuaXguY29tIiwiYXAiOiJmcmFtZS1wYXNzd29yZCIsImlzcyI6ImltZy1rZHMucHViIiwibG4iOiJUZXN0IiwianRpIjoxNTg1NjE3OSwiZXhwIjoxODc3OTM3MTUyLCJuYmYiOjE1NjI1NzcxNTIsImZuIjoiRnJhbWUiLCJzdWIiOiIyMTE5M2JiMy1hNzVhLTQ3ODgtYmE5NS00MzE0ZWM0YzVkMjIifQ.yeLKAkW7TdUU1CIgnpCxWngnPGNBK4INv4CFs7yzLoVV2MSnJNaFIPVA7J3y4TlWivGXPBlBoZofCrGqixLC8Q
166,Loginvsi166,Password!,IF-8D829CA2,testframe166@fra.me,eyJhbGciOiJFUzI1NiIsInR5cCI6IkpXVCJ9.eyJlbSI6ImRybXBlcmYtdnNpLXRlc3RmcmFtZTE2NkBmcmEubWUiLCJhdWQiOiJodHRwczovL2ZyYW1lLm51dGFuaXguY29tIiwiYXAiOiJmcmFtZS1wYXNzd29yZCIsImlzcyI6ImltZy1rZHMucHViIiwibG4iOiJUZXN0IiwianRpIjoxNTg1NjE4MCwiZXhwIjoxODc3OTM3MTU0LCJuYmYiOjE1NjI1NzcxNTQsImZuIjoiRnJhbWUiLCJzdWIiOiI3MzY0OTQ4OC1kNTFiLTRlNzAtODRiZS0wMDhkMmZhMDFiMWQifQ.QeSMPewZp8PB8iRKUQvFs2xFtdLVQcdcfjdUswqcJ_kSy0VzWQ9eHlJn2L52Tu2lOmciT3GtQ9qCY_AkrsuBDA
167,Loginvsi167,Password!,FRAME-F3D60577,testframe167@fra.me,eyJhbGciOiJFUzI1NiIsInR5cCI6IkpXVCJ9.eyJlbSI6ImRybXBlcmYtdnNpLXRlc3RmcmFtZTE2N0BmcmEubWUiLCJhdWQiOiJodHRwczovL2ZyYW1lLm51dGFuaXguY29tIiwiYXAiOiJmcmFtZS1wYXNzd29yZCIsImlzcyI6ImltZy1rZHMucHViIiwibG4iOiJUZXN0IiwianRpIjoxNTg1NjE4MSwiZXhwIjoxODc3OTM3MTU1LCJuYmYiOjE1NjI1NzcxNTUsImZuIjoiRnJhbWUiLCJzdWIiOiJmYjU1ZDIwMC1kZTUzLTQyZWMtOGEwNi04MTQwNzM0YmExZDAifQ.s_35wLUpYyf1Fg7UwWfu5i_4-F_V1eWfEk8QQYKyKp_9crjvD2_D640tRJXh4KF7Q6s3Oa-4GkXLsfwBedvx2g
168,Loginvsi168,Password!,FRAME-3BD15604,testframe168@fra.me,eyJhbGciOiJFUzI1NiIsInR5cCI6IkpXVCJ9.eyJlbSI6ImRybXBlcmYtdnNpLXRlc3RmcmFtZTE2OEBmcmEubWUiLCJhdWQiOiJodHRwczovL2ZyYW1lLm51dGFuaXguY29tIiwiYXAiOiJmcmFtZS1wYXNzd29yZCIsImlzcyI6ImltZy1rZHMucHViIiwibG4iOiJUZXN0IiwianRpIjoxNTg1NjE4MiwiZXhwIjoxODc3OTM3MTU3LCJuYmYiOjE1NjI1NzcxNTcsImZuIjoiRnJhbWUiLCJzdWIiOiJkMDZiNzc1MC05ZmVlLTQzYWEtOGJhNS00MGNkYjZlYTIyYWYifQ.c7ly4LbdlLGhnApeg5D2gM_hs3rD5_A9oQT0issTITDkA0KHEUwFKRIF7TSV17SzTIC_j6EIVaAuCgntK4_s1Q
169,Loginvsi169,Password!,FRAME-ABC3CF76,testframe169@fra.me,eyJhbGciOiJFUzI1NiIsInR5cCI6IkpXVCJ9.eyJlbSI6ImRybXBlcmYtdnNpLXRlc3RmcmFtZTE2OUBmcmEubWUiLCJhdWQiOiJodHRwczovL2ZyYW1lLm51dGFuaXguY29tIiwiYXAiOiJmcmFtZS1wYXNzd29yZCIsImlzcyI6ImltZy1rZHMucHViIiwibG4iOiJUZXN0IiwianRpIjoxNTg1NjE4MywiZXhwIjoxODc3OTM3MTU4LCJuYmYiOjE1NjI1NzcxNTgsImZuIjoiRnJhbWUiLCJzdWIiOiI4ZmE2YTYwMi00YjNiLTQ0NmItYmRiNi0zYTM2MGU2ODdmZTgifQ.CHzXuNNx9A1BGDk-p3gp-ZnVhbh_3FcZ98SXmjR7_KCLQM-4i3f9eEhPYI0xO0w5MDsHmeWPMuvKTH-ApByd_w
170,Loginvsi170,Password!,FRAME-E6F1A21F,testframe170@fra.me,eyJhbGciOiJFUzI1NiIsInR5cCI6IkpXVCJ9.eyJlbSI6ImRybXBlcmYtdnNpLXRlc3RmcmFtZTE3MEBmcmEubWUiLCJhdWQiOiJodHRwczovL2ZyYW1lLm51dGFuaXguY29tIiwiYXAiOiJmcmFtZS1wYXNzd29yZCIsImlzcyI6ImltZy1rZHMucHViIiwibG4iOiJUZXN0IiwianRpIjoxNTg1NjE4NCwiZXhwIjoxODc3OTM3MTYwLCJuYmYiOjE1NjI1NzcxNjAsImZuIjoiRnJhbWUiLCJzdWIiOiI4ZTdlYzRhMS1iMjE3LTQ4ZDgtODc3Yi1jZTc5ODg4YmZmNDMifQ.rKLzp546s-8rIj3fYVW0cOFbcP5cXfIsTXdhE5K33V2v2YWZpKOUVaZZpWHlQ47FwrPMOSTHxzpSFwGpyfoEEg
171,Loginvsi171,Password!,IF-8D0ED7E3,testframe171@fra.me,eyJhbGciOiJFUzI1NiIsInR5cCI6IkpXVCJ9.eyJlbSI6ImRybXBlcmYtdnNpLXRlc3RmcmFtZTE3MUBmcmEubWUiLCJhdWQiOiJodHRwczovL2ZyYW1lLm51dGFuaXguY29tIiwiYXAiOiJmcmFtZS1wYXNzd29yZCIsImlzcyI6ImltZy1rZHMucHViIiwibG4iOiJUZXN0IiwianRpIjoxNTg1NjE4NSwiZXhwIjoxODc3OTM3MTYyLCJuYmYiOjE1NjI1NzcxNjIsImZuIjoiRnJhbWUiLCJzdWIiOiIzZjBkMWFhMy1mZWViLTQyYWEtYWU3NC04MWMzNWIxMDNiMWUifQ.HskxKbdOdLtHPvzgcIV7XEDsBWdUyhDkR1n_Jyg493eesE4lU1kqCBLIhgp8Jb7Bsicgs0bQ6AlLAgV6e9EDxQ
172,Loginvsi172,Password!,FRAME-9D96E18A,testframe172@fra.me,eyJhbGciOiJFUzI1NiIsInR5cCI6IkpXVCJ9.eyJlbSI6ImRybXBlcmYtdnNpLXRlc3RmcmFtZTE3MkBmcmEubWUiLCJhdWQiOiJodHRwczovL2ZyYW1lLm51dGFuaXguY29tIiwiYXAiOiJmcmFtZS1wYXNzd29yZCIsImlzcyI6ImltZy1rZHMucHViIiwibG4iOiJUZXN0IiwianRpIjoxNTg1NjE4NiwiZXhwIjoxODc3OTM3MTYzLCJuYmYiOjE1NjI1NzcxNjMsImZuIjoiRnJhbWUiLCJzdWIiOiI2NmI3ZWVjNS0yY2M4LTQwM2UtOWQyNy1mNDUxZTViMWIxZTYifQ.HDNPkzvJE8QVB8TjQ2a-nK4S5nmdHEoHMlrYjmydfIfTk4VoEIwPdhz_I3TxHs0tt_1-_mVxsQsV5LCbNZhRuQ
173,Loginvsi173,Password!,FRAME-D9064E68,testframe173@fra.me,eyJhbGciOiJFUzI1NiIsInR5cCI6IkpXVCJ9.eyJlbSI6ImRybXBlcmYtdnNpLXRlc3RmcmFtZTE3M0BmcmEubWUiLCJhdWQiOiJodHRwczovL2ZyYW1lLm51dGFuaXguY29tIiwiYXAiOiJmcmFtZS1wYXNzd29yZCIsImlzcyI6ImltZy1rZHMucHViIiwibG4iOiJUZXN0IiwianRpIjoxNTg1NjE4NywiZXhwIjoxODc3OTM3MTY1LCJuYmYiOjE1NjI1NzcxNjUsImZuIjoiRnJhbWUiLCJzdWIiOiJiZTlmYzAxYi1mMDc2LTQzOTktOGE1NC1kZThiMThiMjRjZTIifQ.2jNpDiQ83lJxrOwjSxThGGP2IG60dVANYxqrfBZBTEA21TqUjJLY5Tv7fqLGLBeIXOBs2zM4baQEM_OtJsOB7A
174,Loginvsi174,Password!,FRAME-102E68DE,testframe174@fra.me,eyJhbGciOiJFUzI1NiIsInR5cCI6IkpXVCJ9.eyJlbSI6ImRybXBlcmYtdnNpLXRlc3RmcmFtZTE3NEBmcmEubWUiLCJhdWQiOiJodHRwczovL2ZyYW1lLm51dGFuaXguY29tIiwiYXAiOiJmcmFtZS1wYXNzd29yZCIsImlzcyI6ImltZy1rZHMucHViIiwibG4iOiJUZXN0IiwianRpIjoxNTg1NjE4OCwiZXhwIjoxODc3OTM3MTY2LCJuYmYiOjE1NjI1NzcxNjYsImZuIjoiRnJhbWUiLCJzdWIiOiJkMWJmODQ2NS03NDA0LTQ4ZmItOTgwMy1iZWRmM2NlZWU1MzUifQ.QA7UHG_5nyr8H75GIqhRn7UGXdwHwICvuXaKrrMeVF5piu1SVPqN5mFB_r2gFaiRW15nSYZtpICl7gQqTHuWTg
175,Loginvsi175,Password!,FRAME-E47B0318,testframe175@fra.me,eyJhbGciOiJFUzI1NiIsInR5cCI6IkpXVCJ9.eyJlbSI6ImRybXBlcmYtdnNpLXRlc3RmcmFtZTE3NUBmcmEubWUiLCJhdWQiOiJodHRwczovL2ZyYW1lLm51dGFuaXguY29tIiwiYXAiOiJmcmFtZS1wYXNzd29yZCIsImlzcyI6ImltZy1rZHMucHViIiwibG4iOiJUZXN0IiwianRpIjoxNTg1NjE4OSwiZXhwIjoxODc3OTM3MTY4LCJuYmYiOjE1NjI1NzcxNjgsImZuIjoiRnJhbWUiLCJzdWIiOiIwNWNkOTNiZC0zODk0LTRmMTktYTE4My00OTg3M2MxODY5MGIifQ.w-Qih8_XTd3bpaeOBc872l5N3tO6lvB92Um3NsHtXWkRpRVRo2mWbYaqABtp_VKJmM4TPT1KaV3mjfp8pEuzxA
176,Loginvsi176,Password!,IF-8D3729EE,testframe176@fra.me,eyJhbGciOiJFUzI1NiIsInR5cCI6IkpXVCJ9.eyJlbSI6ImRybXBlcmYtdnNpLXRlc3RmcmFtZTE3NkBmcmEubWUiLCJhdWQiOiJodHRwczovL2ZyYW1lLm51dGFuaXguY29tIiwiYXAiOiJmcmFtZS1wYXNzd29yZCIsImlzcyI6ImltZy1rZHMucHViIiwibG4iOiJUZXN0IiwianRpIjoxNTg1NjE5MCwiZXhwIjoxODc3OTM3MTY5LCJuYmYiOjE1NjI1NzcxNjksImZuIjoiRnJhbWUiLCJzdWIiOiIwYmU3YTM2MS00Y2JiLTQwYzAtODM3Yi03ZTY1YjU0OGQzMWIifQ.dSOIaZTK1WgTecmlkjfnh59zZFcpMQ_bOY3vsUkJWojZ4_t_5pcM56DDTUiPVhW1qlV-VxXy_6_vcp6u3NFrYQ
177,Loginvsi177,Password!,FRAME-70B26DFC,testframe177@fra.me,eyJhbGciOiJFUzI1NiIsInR5cCI6IkpXVCJ9.eyJlbSI6ImRybXBlcmYtdnNpLXRlc3RmcmFtZTE3N0BmcmEubWUiLCJhdWQiOiJodHRwczovL2ZyYW1lLm51dGFuaXguY29tIiwiYXAiOiJmcmFtZS1wYXNzd29yZCIsImlzcyI6ImltZy1rZHMucHViIiwibG4iOiJUZXN0IiwianRpIjoxNTg1NjE5MSwiZXhwIjoxODc3OTM3MTcxLCJuYmYiOjE1NjI1NzcxNzEsImZuIjoiRnJhbWUiLCJzdWIiOiJkMTJiZjdjNi03NjMxLTRiZWEtOTI5MS0wMGEwNGRkY2Y5ZGIifQ.bik3XZguRBbNzhQtSYAPLXH3BMuSgOzl7x5WazdRi4kZZG9bXn1jniyRZXpAUDXxG282CUBPHd5nvByu3p_o2g
178,Loginvsi178,Password!,FRAME-A220AE17,testframe178@fra.me,eyJhbGciOiJFUzI1NiIsInR5cCI6IkpXVCJ9.eyJlbSI6ImRybXBlcmYtdnNpLXRlc3RmcmFtZTE3OEBmcmEubWUiLCJhdWQiOiJodHRwczovL2ZyYW1lLm51dGFuaXguY29tIiwiYXAiOiJmcmFtZS1wYXNzd29yZCIsImlzcyI6ImltZy1rZHMucHViIiwibG4iOiJUZXN0IiwianRpIjoxNTg1NjE5MiwiZXhwIjoxODc3OTM3MTcyLCJuYmYiOjE1NjI1NzcxNzIsImZuIjoiRnJhbWUiLCJzdWIiOiI3Yjk0MjQ3MC0zZDlhLTQyNTYtODdmOC02YTdiYTUxYzU4ZGUifQ.Gs0pSnh_7sWuv09jo-2eULi2bGDgjZSOct2sY6WVv-kgS5emc-tCGPBxHw0iH4RqAQc3AKlpYHxiHDmrQsCjuQ
179,Loginvsi179,Password!,FRAME-EC2973B8,testframe179@fra.me,eyJhbGciOiJFUzI1NiIsInR5cCI6IkpXVCJ9.eyJlbSI6ImRybXBlcmYtdnNpLXRlc3RmcmFtZTE3OUBmcmEubWUiLCJhdWQiOiJodHRwczovL2ZyYW1lLm51dGFuaXguY29tIiwiYXAiOiJmcmFtZS1wYXNzd29yZCIsImlzcyI6ImltZy1rZHMucHViIiwibG4iOiJUZXN0IiwianRpIjoxNTg1NjE5MywiZXhwIjoxODc3OTM3MTc0LCJuYmYiOjE1NjI1NzcxNzQsImZuIjoiRnJhbWUiLCJzdWIiOiI3YjMxMjMxMy0wMjYwLTQ0ZjgtYmNmMC01NmIyMjY1MTEzOTkifQ.JTxZ0LdcPyvDqbR1rjHtpQ1UKFKelsRMXKvZeuuecoP1sXgHSmSyQ0BUmwZwzl3dQon1AclLbrrihLzZ2SowSg
180,Loginvsi180,Password!,FRAME-9B7B7FE5,testframe180@fra.me,eyJhbGciOiJFUzI1NiIsInR5cCI6IkpXVCJ9.eyJlbSI6ImRybXBlcmYtdnNpLXRlc3RmcmFtZTE4MEBmcmEubWUiLCJhdWQiOiJodHRwczovL2ZyYW1lLm51dGFuaXguY29tIiwiYXAiOiJmcmFtZS1wYXNzd29yZCIsImlzcyI6ImltZy1rZHMucHViIiwibG4iOiJUZXN0IiwianRpIjoxNTg1NjE5NCwiZXhwIjoxODc3OTM3MTc1LCJuYmYiOjE1NjI1NzcxNzUsImZuIjoiRnJhbWUiLCJzdWIiOiJkMzJlMDNlMi03YTdmLTRlNDUtYWVkYy1iZDIxZTM0ZjZiY2UifQ.3rvh1uuWA7ZNyyIJ7uRQASekGRyivuLVNCRyLr5GDB9SGzqHcc2l7B5QmNWFgoe-vFl7EilLFX96FaWYW3Y1SQ
181,Loginvsi181,Password!,FRAME-3296E3A0,testframe181@fra.me,eyJhbGciOiJFUzI1NiIsInR5cCI6IkpXVCJ9.eyJlbSI6ImRybXBlcmYtdnNpLXRlc3RmcmFtZTE4MUBmcmEubWUiLCJhdWQiOiJodHRwczovL2ZyYW1lLm51dGFuaXguY29tIiwiYXAiOiJmcmFtZS1wYXNzd29yZCIsImlzcyI6ImltZy1rZHMucHViIiwibG4iOiJUZXN0IiwianRpIjoxNTg1NjE5NSwiZXhwIjoxODc3OTM3MTc3LCJuYmYiOjE1NjI1NzcxNzcsImZuIjoiRnJhbWUiLCJzdWIiOiI5MTZiN2NkZC1lZWRmLTQyYTgtODcyNC0wOTkwYmM2MGI4MzAifQ.39BW2Pw-0awsopUsUJzhzxq9LOzbTnGAVWvree7ldipFP1OvTrTW5eOH6bsbZHW8zSDyp86IaXaVThrrUqSXPA
182,Loginvsi182,Password!,FRAME-29EEC765,testframe182@fra.me,eyJhbGciOiJFUzI1NiIsInR5cCI6IkpXVCJ9.eyJlbSI6ImRybXBlcmYtdnNpLXRlc3RmcmFtZTE4MkBmcmEubWUiLCJhdWQiOiJodHRwczovL2ZyYW1lLm51dGFuaXguY29tIiwiYXAiOiJmcmFtZS1wYXNzd29yZCIsImlzcyI6ImltZy1rZHMucHViIiwibG4iOiJUZXN0IiwianRpIjoxNTg1NjE5NiwiZXhwIjoxODc3OTM3MTc4LCJuYmYiOjE1NjI1NzcxNzgsImZuIjoiRnJhbWUiLCJzdWIiOiI5ZTAwNDc0MS0zMWFkLTRmMjMtOWQ5Ny05NzI0NTEwOGM4YzAifQ.ymL9E8wxTVi51mfrfPwl26W50l-smYwfIVWsGs5brKlki6CuqYb-dLBMPTfVQH7B1WoSt601aPYDeW0Qi4U5bQ
183,Loginvsi183,Password!,FRAME-99F548AB,testframe183@fra.me,eyJhbGciOiJFUzI1NiIsInR5cCI6IkpXVCJ9.eyJlbSI6ImRybXBlcmYtdnNpLXRlc3RmcmFtZTE4M0BmcmEubWUiLCJhdWQiOiJodHRwczovL2ZyYW1lLm51dGFuaXguY29tIiwiYXAiOiJmcmFtZS1wYXNzd29yZCIsImlzcyI6ImltZy1rZHMucHViIiwibG4iOiJUZXN0IiwianRpIjoxNTg1NjE5NywiZXhwIjoxODc3OTM3MTgwLCJuYmYiOjE1NjI1NzcxODAsImZuIjoiRnJhbWUiLCJzdWIiOiJiZWI3YWE5Yi0xZDlhLTQ1ZjAtOGVjMy04M2RhY2Q3YThjYTIifQ.Ih4tcm9MUNqIOEr1naMCV8Y1EDikFSutsG7ZkqrUuhIEqIuP682_dCGVJrERabWAIj7569bRdV0WMHXlsYYuFQ
184,Loginvsi184,Password!,FRAME-0DB7B2E7,testframe184@fra.me,eyJhbGciOiJFUzI1NiIsInR5cCI6IkpXVCJ9.eyJlbSI6ImRybXBlcmYtdnNpLXRlc3RmcmFtZTE4NEBmcmEubWUiLCJhdWQiOiJodHRwczovL2ZyYW1lLm51dGFuaXguY29tIiwiYXAiOiJmcmFtZS1wYXNzd29yZCIsImlzcyI6ImltZy1rZHMucHViIiwibG4iOiJUZXN0IiwianRpIjoxNTg1NjE5OCwiZXhwIjoxODc3OTM3MTgxLCJuYmYiOjE1NjI1NzcxODEsImZuIjoiRnJhbWUiLCJzdWIiOiJiZTg5NTUxZS0xYWJiLTQzZDItYTNhYy1iMTg0YmJhNjRmN2EifQ.VZlaop9pvxvJj5EPKYgudOlvbq1-J2pj47apC2-sJIQ2ImZC9mK87I6MOgkBkt1Jdon6XmLwRPbqHO-rCdOh_g
185,Loginvsi185,Password!,FRAME-7C331031,testframe185@fra.me,eyJhbGciOiJFUzI1NiIsInR5cCI6IkpXVCJ9.eyJlbSI6ImRybXBlcmYtdnNpLXRlc3RmcmFtZTE4NUBmcmEubWUiLCJhdWQiOiJodHRwczovL2ZyYW1lLm51dGFuaXguY29tIiwiYXAiOiJmcmFtZS1wYXNzd29yZCIsImlzcyI6ImltZy1rZHMucHViIiwibG4iOiJUZXN0IiwianRpIjoxNTg1NjE5OSwiZXhwIjoxODc3OTM3MTgzLCJuYmYiOjE1NjI1NzcxODMsImZuIjoiRnJhbWUiLCJzdWIiOiI2YzIyMDE3MC1lYmMzLTRkOTEtOTcyYi0xMjQ3YjMyYzI5OWQifQ.IlvuAsA15bEVQcKpVhlPlc2__vyAvCQsLiOzHHVuRDcffkZvOxlwoR4q5fl2lIHO9qD2_rVd91RcKvRhupdZNg
186,Loginvsi186,Password!,FRAME-DE708DE1,testframe186@fra.me,eyJhbGciOiJFUzI1NiIsInR5cCI6IkpXVCJ9.eyJlbSI6ImRybXBlcmYtdnNpLXRlc3RmcmFtZTE4NkBmcmEubWUiLCJhdWQiOiJodHRwczovL2ZyYW1lLm51dGFuaXguY29tIiwiYXAiOiJmcmFtZS1wYXNzd29yZCIsImlzcyI6ImltZy1rZHMucHViIiwibG4iOiJUZXN0IiwianRpIjoxNTg1NjIwMCwiZXhwIjoxODc3OTM3MTg0LCJuYmYiOjE1NjI1NzcxODQsImZuIjoiRnJhbWUiLCJzdWIiOiIwNTBiZjJhZC04ZTVlLTQyMmUtOTc4OC02OTcyNzlhOGE5YjkifQ.1J9TlPz9_lSBM9djAE9KJRNmZ-LkowrOrrii3_oVFK8CDeTq6Dj35fhWwSFDLEhSLsNIIfg6ybOdo46UgBiVZw
187,Loginvsi187,Password!,IF-8D6B2ABC,testframe187@fra.me,eyJhbGciOiJFUzI1NiIsInR5cCI6IkpXVCJ9.eyJlbSI6ImRybXBlcmYtdnNpLXRlc3RmcmFtZTE4N0BmcmEubWUiLCJhdWQiOiJodHRwczovL2ZyYW1lLm51dGFuaXguY29tIiwiYXAiOiJmcmFtZS1wYXNzd29yZCIsImlzcyI6ImltZy1rZHMucHViIiwibG4iOiJUZXN0IiwianRpIjoxNTg1NjIwMSwiZXhwIjoxODc3OTM3MTg2LCJuYmYiOjE1NjI1NzcxODYsImZuIjoiRnJhbWUiLCJzdWIiOiIyYTc4MDRmMi00MWU0LTRkMTMtYWM5Ni01YmU1YjU1MDU1YWQifQ.s4exZSmHiN9mcQ15_LQ6Syh1Hs5mQk5bS00fXrblCaSO7Ddx7_qUmUzw88UBRumg9UfIwP2DmNGBUJsqk1CVnw
188,Loginvsi188,Password!,FRAME-15ED585F,testframe188@fra.me,eyJhbGciOiJFUzI1NiIsInR5cCI6IkpXVCJ9.eyJlbSI6ImRybXBlcmYtdnNpLXRlc3RmcmFtZTE4OEBmcmEubWUiLCJhdWQiOiJodHRwczovL2ZyYW1lLm51dGFuaXguY29tIiwiYXAiOiJmcmFtZS1wYXNzd29yZCIsImlzcyI6ImltZy1rZHMucHViIiwibG4iOiJUZXN0IiwianRpIjoxNTg1NjIwMiwiZXhwIjoxODc3OTM3MTg3LCJuYmYiOjE1NjI1NzcxODcsImZuIjoiRnJhbWUiLCJzdWIiOiI5NTFlMzA3OS03ODM0LTRmNWEtOTA3Ny02MDNmZDhmMzc0MjkifQ.Zarx84Y6u8njmybGfbSoKNy0vFzz3QtKRB7PQ3ICpJbqy42-7vb6X-tKLw7PKzdyuEIT5oM092Clzcee5uoLug
189,Loginvsi189,Password!,FRAME-D8302409,testframe189@fra.me,eyJhbGciOiJFUzI1NiIsInR5cCI6IkpXVCJ9.eyJlbSI6ImRybXBlcmYtdnNpLXRlc3RmcmFtZTE4OUBmcmEubWUiLCJhdWQiOiJodHRwczovL2ZyYW1lLm51dGFuaXguY29tIiwiYXAiOiJmcmFtZS1wYXNzd29yZCIsImlzcyI6ImltZy1rZHMucHViIiwibG4iOiJUZXN0IiwianRpIjoxNTg1NjIwMywiZXhwIjoxODc3OTM3MTg5LCJuYmYiOjE1NjI1NzcxODksImZuIjoiRnJhbWUiLCJzdWIiOiIyNGFhNGRlNi05NTFkLTQ4ZjMtODBmNy1mNzI4NzY0ZDE3OTcifQ.2RjRwzG-3ZRpf9-4f94xNRJnkEI8uu3prCX_mY7el4Msvo-_eT8UIjAIOUgYBA63K5FOjY9wkhTMaKJ6HIsgdw
190,Loginvsi190,Password!,FRAME-2F16DA2E,testframe190@fra.me,eyJhbGciOiJFUzI1NiIsInR5cCI6IkpXVCJ9.eyJlbSI6ImRybXBlcmYtdnNpLXRlc3RmcmFtZTE5MEBmcmEubWUiLCJhdWQiOiJodHRwczovL2ZyYW1lLm51dGFuaXguY29tIiwiYXAiOiJmcmFtZS1wYXNzd29yZCIsImlzcyI6ImltZy1rZHMucHViIiwibG4iOiJUZXN0IiwianRpIjoxNTg1NjIwNCwiZXhwIjoxODc3OTM3MTkwLCJuYmYiOjE1NjI1NzcxOTAsImZuIjoiRnJhbWUiLCJzdWIiOiI1N2ExOTlkMi04MWNhLTRiNWItOWFkNi1lZWMzYjc3MTViMmUifQ.9vL-wIjJek0wMTCBIOgPjjOc9OXX7S8cWnOv2Iu6cdPPiOcQrvXEXIiZyjxJ-PEyuGeuA-IdQ2frTa3iVrMbfA
191,Loginvsi191,Password!,IF-8DFA1A36,testframe191@fra.me,eyJhbGciOiJFUzI1NiIsInR5cCI6IkpXVCJ9.eyJlbSI6ImRybXBlcmYtdnNpLXRlc3RmcmFtZTE5MUBmcmEubWUiLCJhdWQiOiJodHRwczovL2ZyYW1lLm51dGFuaXguY29tIiwiYXAiOiJmcmFtZS1wYXNzd29yZCIsImlzcyI6ImltZy1rZHMucHViIiwibG4iOiJUZXN0IiwianRpIjoxNTg1NjIwNSwiZXhwIjoxODc3OTM3MTkyLCJuYmYiOjE1NjI1NzcxOTIsImZuIjoiRnJhbWUiLCJzdWIiOiJkNjc5NDliNi0wMWZhLTRlNzgtYjMwNC1iNTY2YmFjOTRkMWUifQ.LPwJhbkPp9LyQj1qe4053RXUxvo2E_68tO-K_jx3oBMth3JTIru0teRFMMf7U9sQIkgaW-BBBabKVJaePKzQ2g
192,Loginvsi192,Password!,FRAME-E39CEF43,testframe192@fra.me,eyJhbGciOiJFUzI1NiIsInR5cCI6IkpXVCJ9.eyJlbSI6ImRybXBlcmYtdnNpLXRlc3RmcmFtZTE5MkBmcmEubWUiLCJhdWQiOiJodHRwczovL2ZyYW1lLm51dGFuaXguY29tIiwiYXAiOiJmcmFtZS1wYXNzd29yZCIsImlzcyI6ImltZy1rZHMucHViIiwibG4iOiJUZXN0IiwianRpIjoxNTg1NjIwNiwiZXhwIjoxODc3OTM3MTkzLCJuYmYiOjE1NjI1NzcxOTMsImZuIjoiRnJhbWUiLCJzdWIiOiI5NmZlZTllMC00OGYwLTQ3OGEtODI4Yy0zMmQ5NzI4ZDcxYjUifQ.nTE13BVO5gKkPDwUna_3jTgGMHtxGrgteuIZUZil5D3_4se-9TRcEhs1PcWCPckbHk_OAQGca39l2Cqb4wvSbw
193,Loginvsi193,Password!,FRAME-159D41E3,testframe193@fra.me,eyJhbGciOiJFUzI1NiIsInR5cCI6IkpXVCJ9.eyJlbSI6ImRybXBlcmYtdnNpLXRlc3RmcmFtZTE5M0BmcmEubWUiLCJhdWQiOiJodHRwczovL2ZyYW1lLm51dGFuaXguY29tIiwiYXAiOiJmcmFtZS1wYXNzd29yZCIsImlzcyI6ImltZy1rZHMucHViIiwibG4iOiJUZXN0IiwianRpIjoxNTg1NjIwNywiZXhwIjoxODc3OTM3MTk1LCJuYmYiOjE1NjI1NzcxOTUsImZuIjoiRnJhbWUiLCJzdWIiOiJjNDI1YWQ1Ny1jMGZhLTQ1OTQtYTkxOC04MTJjYTlhODAwODAifQ.yCiOQAztVI9phRFcpWtA1SMPprZCC6OiQyVbn_dYca3As86mbSM_Ml5ckjLPQsg0ZpAifNf0JX7OuFBZtZtvqw
194,Loginvsi194,Password!,FRAME-341494A4,testframe194@fra.me,eyJhbGciOiJFUzI1NiIsInR5cCI6IkpXVCJ9.eyJlbSI6ImRybXBlcmYtdnNpLXRlc3RmcmFtZTE5NEBmcmEubWUiLCJhdWQiOiJodHRwczovL2ZyYW1lLm51dGFuaXguY29tIiwiYXAiOiJmcmFtZS1wYXNzd29yZCIsImlzcyI6ImltZy1rZHMucHViIiwibG4iOiJUZXN0IiwianRpIjoxNTg1NjIwOCwiZXhwIjoxODc3OTM3MTk3LCJuYmYiOjE1NjI1NzcxOTcsImZuIjoiRnJhbWUiLCJzdWIiOiIxOWE4OTcyOS04MWU0LTQzNTAtOWVmMi05MDY0Nzc3OWJjOGMifQ.7RbwEdTM65wOhi2D-OvPHdbhx8prlO6jNsA4Qwo3kuN-xFNJ07stJXhaecUUkgHYLhpJyNq8vfRUkhaN-sPwHQ
195,Loginvsi195,Password!,FRAME-E545E544,testframe195@fra.me,eyJhbGciOiJFUzI1NiIsInR5cCI6IkpXVCJ9.eyJlbSI6ImRybXBlcmYtdnNpLXRlc3RmcmFtZTE5NUBmcmEubWUiLCJhdWQiOiJodHRwczovL2ZyYW1lLm51dGFuaXguY29tIiwiYXAiOiJmcmFtZS1wYXNzd29yZCIsImlzcyI6ImltZy1rZHMucHViIiwibG4iOiJUZXN0IiwianRpIjoxNTg1NjIwOSwiZXhwIjoxODc3OTM3MTk4LCJuYmYiOjE1NjI1NzcxOTgsImZuIjoiRnJhbWUiLCJzdWIiOiJkYzI0MGMwNC02NmUyLTQ4ZWEtYWIwMC1mZjI2MjlkYWQxMTIifQ.UDfmNYjitWaKCPruPFIdxO1uqUUuIE7psFWCbUNThOiFqZ21mtEuNy1YgMVX3rK0pmZJiq8aIhgwQvYamhpDRA
196,Loginvsi196,Password!,FRAME-43AF0A41,testframe196@fra.me,eyJhbGciOiJFUzI1NiIsInR5cCI6IkpXVCJ9.eyJlbSI6ImRybXBlcmYtdnNpLXRlc3RmcmFtZTE5NkBmcmEubWUiLCJhdWQiOiJodHRwczovL2ZyYW1lLm51dGFuaXguY29tIiwiYXAiOiJmcmFtZS1wYXNzd29yZCIsImlzcyI6ImltZy1rZHMucHViIiwibG4iOiJUZXN0IiwianRpIjoxNTg1NjIxMCwiZXhwIjoxODc3OTM3MjAwLCJuYmYiOjE1NjI1NzcyMDAsImZuIjoiRnJhbWUiLCJzdWIiOiJiMzA0NDhkNC03NGFkLTQ2OWQtOTg0Mi0yZDc0NGJkODM2NGEifQ.YQAhqNzS-L7AL9v2vRt3FAWJG_uc3ZiqCjyCMp5OjZtCciLO7h5l17YMc7xZcyroLLHtwjQ9NR8Ck4zyoPWwsA
197,Loginvsi197,Password!,IF-8D4F1FD1,testframe197@fra.me,eyJhbGciOiJFUzI1NiIsInR5cCI6IkpXVCJ9.eyJlbSI6ImRybXBlcmYtdnNpLXRlc3RmcmFtZTE5N0BmcmEubWUiLCJhdWQiOiJodHRwczovL2ZyYW1lLm51dGFuaXguY29tIiwiYXAiOiJmcmFtZS1wYXNzd29yZCIsImlzcyI6ImltZy1rZHMucHViIiwibG4iOiJUZXN0IiwianRpIjoxNTg1NjIxMSwiZXhwIjoxODc3OTM3MjAxLCJuYmYiOjE1NjI1NzcyMDEsImZuIjoiRnJhbWUiLCJzdWIiOiI5NTg3NmMyNS0zN2NkLTRkMWItYTExNy02ZmM5OTdjNTM3YzAifQ.9FEf2ArHnDlsduDXDcdRg7-WuCP4nLtIIzDjMKIWgvhivD0UTFAe1vtNFDWMQZXBl98D6kW86EW1sT75LIGwwg
198,Loginvsi198,Password!,FRAME-672566B3,testframe198@fra.me,eyJhbGciOiJFUzI1NiIsInR5cCI6IkpXVCJ9.eyJlbSI6ImRybXBlcmYtdnNpLXRlc3RmcmFtZTE5OEBmcmEubWUiLCJhdWQiOiJodHRwczovL2ZyYW1lLm51dGFuaXguY29tIiwiYXAiOiJmcmFtZS1wYXNzd29yZCIsImlzcyI6ImltZy1rZHMucHViIiwibG4iOiJUZXN0IiwianRpIjoxNTg1NjIxMiwiZXhwIjoxODc3OTM3MjAzLCJuYmYiOjE1NjI1NzcyMDMsImZuIjoiRnJhbWUiLCJzdWIiOiIwNzU0YzAzMy0zNWM4LTRlOWUtODBlYy1hMmQ3ZThmNzNlOGMifQ.Jo8M-C5oRYn9-YytBB24fOxwiQJTfn6bzsYMEI22AqyvahJ4vt1dca1stg7xbQOt3iR-O3guYRXOpa3f-QG51g
199,Loginvsi199,Password!,FRAME-782406A4,testframe199@fra.me,eyJhbGciOiJFUzI1NiIsInR5cCI6IkpXVCJ9.eyJlbSI6ImRybXBlcmYtdnNpLXRlc3RmcmFtZTE5OUBmcmEubWUiLCJhdWQiOiJodHRwczovL2ZyYW1lLm51dGFuaXguY29tIiwiYXAiOiJmcmFtZS1wYXNzd29yZCIsImlzcyI6ImltZy1rZHMucHViIiwibG4iOiJUZXN0IiwianRpIjoxNTg1NjIxMywiZXhwIjoxODc3OTM3MjA0LCJuYmYiOjE1NjI1NzcyMDQsImZuIjoiRnJhbWUiLCJzdWIiOiIyZjVlMTZhZS0wYTkyLTQ3NjEtOTViMi1iMzI4ODc0Yjc0YjUifQ.98mkazRqjNejqZIA_SbApuTXEjRaPuXu7XO1aaOOeoS_ABRrvR6bniKKLReTGxoO-Z29fl8Z5FaciJsmFLDPYQ
200,Loginvsi200,Password!,FRAME-AF46C25E,testframe200@fra.me,eyJhbGciOiJFUzI1NiIsInR5cCI6IkpXVCJ9.eyJlbSI6ImRybXBlcmYtdnNpLXRlc3RmcmFtZTIwMEBmcmEubWUiLCJhdWQiOiJodHRwczovL2ZyYW1lLm51dGFuaXguY29tIiwiYXAiOiJmcmFtZS1wYXNzd29yZCIsImlzcyI6ImltZy1rZHMucHViIiwibG4iOiJUZXN0IiwianRpIjoxNTg1NjIxNCwiZXhwIjoxODc3OTM3MjA2LCJuYmYiOjE1NjI1NzcyMDYsImZuIjoiRnJhbWUiLCJzdWIiOiIyMzRiMzE1Ny1lYzQ4LTQzOGQtYWRmNC1kOGY3NTM5OGI3MjQifQ.Thjm5AT6-eRVnOISrJcaWN4mFICjvhJ4kyK5kfrYq1ooXK9FLGCNgENt4uzQXwDOTKnBAPvIfCpMkaW4NF1jgw